id,chapter,title,start_at(JST),end_at(JST),event_type,main_chara,chara_type,ban,attr,pt_top10,pt_lines_1,pt_lines_10,pt_lines_20,pt_lines_50,pt_lines_100,pt_lines_200,pt_lines_300,pt_lines_400,pt_lines_500,pt_lines_1000,pt_lines_2000,pt_lines_3000,pt_lines_5000,pt_lines_10000,pt_lines_30000,pt_lines_50000,pt_lines_100000,pt_lines_300000
120,-,Take the Best Shot！,2024/01/31 20:00,2024/02/08 21:00,チアフルカーニバル,"hrk, khn, toya, ena, luka(VBS)",mix,khn,mysterious,254301206 2430210005 214000000 187043025 180302525 180000430 172600302 170214302 164545072 161054302,254301206,161054302,120000302,79700043,62525302,25946605,20520120,16962422,16289752,11293702,5393065,4485425,4100801,3292998,2037493,1607836,997772,355177
121,-,導く勇気、優しさを胸に,2024/02/10 15:00,2024/02/18 21:00,マラソン,"ick, saki, hnm, shiho, miku(Ln), rin(Ln), len(Ln), luka(Ln), meiko(Ln), kaito(Ln)",unit,hnm,cool,319001027 310270811 303400882 300000000 261391027 255441027 255091027 251101027 245393939 233102726,319001027,233102726,134001027,79945764,51001027,24801059,18645402,15783419,14281368,9559965,4470248,3614229,3146219,2348866,1539880,1271724,829955,325174
122,-,刻まれた傷は、やがて,2024/02/20 15:00,2024/02/27 21:00,マラソン,"mnr, hrk, airi, szk, miku(MMJ), rin(MMJ), len(MMJ), luka(MMJ), meiko(MMJ), kaito(MMJ)",unit,mnr,pure,315000414 301005414 261005414 236040104 224141005 210050414 200001005 186738249 160000414 159105414,315000414,159105414,105105414,65319385,43045147,21745446,16012958,13368203,12539010,8175808,3962910,3244050,2827460,2104690,1360330,1122854,724826,272700
123,-,リラックスティータイム,2024/02/29 15:00,2024/03/06 21:00,チアフルカーニバル,"ick, mnr, airi, knd, mfy",mix,knd,happy,214000314 210127811 205000000 200000210 180560831 170000210 163000210 159713458 155500000 147154210,214000314,147154210,98765432,74377828,50513007,26873997,21778520,18440351,17546313,12224451,5932641,4672058,3963189,2952156,1777771,1411540,874362,308215
124,-,星を目指して、ヨーソロー！,2024/03/08 20:00,2024/03/20 20:00,ワールドリンク,"tks, emu, nene, rui, miku(WS), rin(WS), len(WS), luka(WS), meiko(WS), kaito(WS)",unit,-,-,642000000 562451782 559624517 535526792 527209624 515782526 515674770 513393894 494624517 476624720,642000000,476624720,374519115,310608918,261704387,180002770,158517053,138501933,131759207,88802770,56726885,41539297,25664607,14087687,5667830,4093467,2378841,678172
124,1,星を目指して、ヨーソロー！,2024/03/08 20:00,2024/03/11 20:00,ワールドリンク,"tks, emu, nene, rui, miku(WS), rin(WS), len(WS), luka(WS), meiko(WS), kaito(WS)",unit,rui,-,180000624 176320355 165000624 160517624 159627636 159534451 156241000 154620756 152626624 152517624,180000624,152517624,150517624,147009624,143660290,102173394,,,54257492,42851182,,10212605,6650562,3863456,,1037615,651360,
124,2,星を目指して、ヨーソロー！,2024/03/11 20:00,2024/03/14 20:00,ワールドリンク,"tks, emu, nene, rui, miku(WS), rin(WS), len(WS), luka(WS), meiko(WS), kaito(WS)",unit,nene,-,172000000 162000720 161681240 154000720 154000720 152500720 150000720 147882110 145565720 145510303,172000000,145510303,131530720,123909720,121471555,63326290,,,39453474,29700222,,7663316,4768135,2604798,,851330,524618,
124,3,星を目指して、ヨーソロー！,2024/03/14 20:00,2024/03/17 20:00,ワールドリンク,"tks, emu, nene, rui, miku(WS), rin(WS), len(WS), luka(WS), meiko(WS), kaito(WS)",unit,emu,-,172525909 165509909 158517909 155555909 153720909 145200909 145166965 143660290 143170909 140000909,172525909,140000909,132263295,128000909,124017297,63139104,,,40752404,29484689,,7839775,4933008,2677058,,946301,508115,
124,4,星を目指して、ヨーソロー！,2024/03/17 20:00,2024/03/20 20:00,ワールドリンク,"tks, emu, nene, rui, miku(WS), rin(WS), len(WS), luka(WS), meiko(WS), kaito(WS)",unit,tks,-,180000517 174517624 172624517 170000517 170000000 166688517 165250517 164000517 162500517 162472099,180000517,162472099,159999917,156001288,151040622,107971161,,,65150336,54169865,,12279242,7977873,4166664,,918452,527828,
125,-,The first concerto,2024/03/22 15:00,2024/03/28 21:00,マラソン,"khn, an, akt, toya, miku(VBS), rin(VBS), len(VBS), luka(VBS), meiko(VBS), kaito(VBS)",unit,toya,happy,261112525 256108525 252811525 230000525 220525726 220108022 217001112 217000525 212100523 211999490,261111525,211999490,142525108,95252525,79938973,39670172,31112525,25280310,23763731,17706238,6420367,4626571,3629200,2369659,1343473,1091140,704173,273246
126,-,Rise as ONE!,2024/03/30 15:00,2024/04/08 21:00,チアフルカーニバル,"hnm, mnr, akt, rui, kaito(Ln)",mix,akt,cool,217217217 205251112 200001112 191111112 190001112 189021112 186391112 181112624 180271112 178601112,217217217,178601112,139002521,104301112,77777777,37885525,31766959,26443203,25251112,17247583,8100005,6627431,5806089,4501818,2884564,2293145,1486303,577384
127,-,Knowing the Unseen,2024/04/10 15:00,2024/04/18 21:00,マラソン,"knd, mfy, ena, mzk, miku(25ji), rin(25ji), len(25ji), luka(25ji), meiko(25ji), kaito(25ji)",unit,ena,pure,350000430 339000430 335615954 335615086 335487835 315000000 300000430 296000430 293542694 292127430,350000430,292127430,177777430,101025430,80010430,39266498,32471763,27936724,26610925,20083764,8563700,6448141,5136471,3605829,2094321,1724479,1136732,404966
128,-,Parallel Harmonies,2024/04/20 15:00,2024/04/28 21:00,マラソン,"ick, saki, hnm, shiho, miku(Ln), rin(Ln), len(Ln), luka(Ln), meiko(Ln), kaito(Ln)",unit,saki,happy,300000509 281159105 270000509 220509509 220081159 211111509 200811509 200000509 182138301 161780493,300000509,161780493,121000509,80027332,52783336,27364571,22113289,18678858,17655223,12305169,6074779,4994629,4366965,3391809,2174156,1791505,1135360,370386
129,-,Whip the wimp girl!!,2024/04/30 15:00,2024/05/07 21:00,マラソン,"khn, an, akt, toya, miku(VBS), rin(VBS), len(VBS), luka(VBS), meiko(VBS), kaito(VBS)",unit,an,cool,303020726 272600000 253726130 230525726 222222222 207260302 203939726 200000000 190726302 181700726,303020726,181700726,143261726,97260000,67417477,29441461,23286494,20066680,18888888,13384154,6423052,5001035,4182273,3000840,1788212,1469976,950496,340770
130,-,いつか花咲くステージへ,2024/05/09 20:00,2024/05/21 20:00,ワールドリンク,"mnr, hrk, airi, szk, miku(MMJ), rin(MMJ), len(MMJ), luka(MMJ), meiko(MMJ), kaito(MMJ)",unit,-,-,585414000 568210414 560000001 440000000 400208343 373001206 359319319 355100000 346752944 345105126,585414000,345105126,290414319,235052088,193081181,139143473,125407166,111126105,96256258,58916095,35184967,27860966,16841608,8750719,4273636,3205949,1873577,528505
130,1,いつか花咲くステージへ,2024/05/09 20:00,2024/05/12 20:00,ワールドリンク,"mnr, hrk, airi, szk, miku(MMJ), rin(MMJ), len(MMJ), luka(MMJ), meiko(MMJ), kaito(MMJ)",unit,airi,-,170000319 163190000 162338244 158270319 156853549 154300319 151319319 150000319 147333319 141400319,170000319,141400319,124340319,111333319,110372266,53872816,,,31290313,23864125,,5312121,3442876,2133744,,840749,524870,
130,2,いつか花咲くステージへ,2024/05/12 20:00,2024/05/15 20:00,ワールドリンク,"mnr, hrk, airi, szk, miku(MMJ), rin(MMJ), len(MMJ), luka(MMJ), meiko(MMJ), kaito(MMJ)",unit,hrk,-,163001005 156122117 155673595 155225686 150000000 148779578 147261005 145633116 141401005 141401005,163001005,141401005,131005202,122521005,117769200,61500944,,,38392898,27893974,,6152082,3617436,1985540,,749185,446772,
130,3,いつか花咲くステージへ,2024/05/15 20:00,2024/05/18 20:00,ワールドリンク,"mnr, hrk, airi, szk, miku(MMJ), rin(MMJ), len(MMJ), luka(MMJ), meiko(MMJ), kaito(MMJ)",unit,szk,-,168001206 158271206 152501206 152501206 151701206 151271206 151206429 150126126 150001206 143024742,168001206,143024742,130001206,106639636,96372856,48211445,,,26107914,18047091,,4027401,2521267,1621106,,711088,429670,
130,4,いつか花咲くステージへ,2024/05/18 20:00,2024/05/21 20:00,ワールドリンク,"mnr, hrk, airi, szk, miku(MMJ), rin(MMJ), len(MMJ), luka(MMJ), meiko(MMJ), kaito(MMJ)",unit,mnr,-,180000414 170011233 169882074 164206668 164155261 163739414 160000414 157141414 153000414 151704145,180000414,151704145,141487310,134140414,130195237,71058196,,,36983365,23783207,,5237898,3222260,1932941,,751741,433269,
131,-,perspective for smile,2024/05/23 15:00,2024/05/29 21:00,マラソン,"tks, emu, nene, rui, miku(WS), rin(WS), len(WS), luka(WS), meiko(WS), kaito(WS)",unit,emu,cute,252556799 225250909 190900517 185170909 170020909 165010599 152525909 131227909 131227517 122700517,252556799,122700517,97102030,60309174,44275768,21877089,16771897,14304547,13427628,9510720,4493110,3600607,3054375,2150802,1316088,1062139,665850,224711
132,-,みんなで配信♡WEDDING LIVE！,2024/05/31 15:00,2024/06/08 21:00,チアフルカーニバル,"shiho, mnr, nene, ena, luka(WS)",mix,mnr,mysterious,238414108 233982688 213000430 170059414 153720414 151005414 141100720 130414720 120720000 120087310,238414108,120087310,88430811,66226324,47041418,22548184,17204140,14266729,13514131,9881584,5042568,4415024,4076645,3221096,1870239,1433410,852433,267902
133,-,Lead to shine more,2024/06/10 15:00,2024/06/18 21:00,マラソン,"mnr, hrk, airi, szk, miku(MMJ), rin(MMJ), len(MMJ), luka(MMJ), meiko(MMJ), kaito(MMJ)",unit,hrk,cool,315001005 280001005 252501005 200001005 183023588 175001005 170001005 162271005 152191005 147671005,315001005,147671005,110001005,67357616,43301005,19683420,14733795,12100217,11212724,7476285,4031020,3497123,3216390,2547187,1617300,1279331,775496,242137
134,-,灯を手繰りよせて,2024/06/20 15:00,2024/06/28 21:00,マラソン,"knd, mfy, ena, mzk, miku(25ji), rin(25ji), len(25ji), luka(25ji), meiko(25ji), kaito(25ji)",unit,mfy,pure,333000127 315000127 301270430 300000127 280430127 270000000 240827127 240127523 215003911 201270831,333000127,201270831,152525127,96907302,65401671,32171461,25648411,21773969,20683954,15295433,6761826,5090384,4165410,3059340,1867840,1497384,926629,285949
135,-,OVER RAD SQUAD!!,2024/06/30 15:00,2024/07/07 21:00,マラソン,"khn, an, akt, toya, miku(VBS), rin(VBS), len(VBS), luka(VBS), meiko(VBS), kaito(VBS)",unit,khn,mysterious,331136043 267777777 244444444 240000000 224000302 211573239 211532777 210000302 167260302 150000000,331136043,150000000,132827907,103200000,80707302,35069865,27646485,24344892,23497249,16600100,6834906,5181082,4361614,3149902,1839785,1459532,886669,266011
136,-,お縄を頂戴！？天馬捕物帳,2024/07/09 15:00,2024/07/15 21:00,マラソン,"tks, emu, nene, rui, miku(WS), rin(WS), len(WS), luka(WS), meiko(WS), kaito(WS)",unit,tks,pure,270001029 248951788 246152355 244909517 240920517 222000517 212121212 200088517 182281803 182270517,270001029,182270517,146624517,92624517,56937500,30000517,23986538,20250517,19086448,14386258,5843081,4334952,3588332,2492369,1457950,1159715,713552,230792
137,-,あの日見た夜空は、いつかの未来へ ,2024/07/17 20:00,2024/07/29 20:00,ワールドリンク,"ick, saki, hnm, shiho, miku(Ln), rin(Ln), len(Ln), luka(Ln), meiko(Ln), kaito(Ln)",unit,-,-,645981130 620108811 603900000 591027811 546376621 543693939 527001220 523017256 520811509 517188127,645981130,517188127,334720726,251236162,215509509,147289840,135091027,123000509,104415794,62434272,39414465,28858786,17902305,9120912,4437186,3289415,1821073,428271
137,1,あの日見た夜空は、いつかの未来へ ,2024/07/17 20:00,2024/07/20 20:00,ワールドリンク,"ick, saki, hnm, shiho, miku(Ln), rin(Ln), len(Ln), luka(Ln), meiko(Ln), kaito(Ln)",unit,saki,-,181100130 175000509 173000509 170011234 163000509 161111494 161080509 160000509 160000000 159595959,181100130,159595959,145509909,134416443,127312855,62060222,,,33534087,25097485,,5472281,3428365,2081388,,837346,486461,
137,2,あの日見た夜空は、いつかの未来へ ,2024/07/20 20:00,2024/07/23 20:00,ワールドリンク,"ick, saki, hnm, shiho, miku(Ln), rin(Ln), len(Ln), luka(Ln), meiko(Ln), kaito(Ln)",unit,hnm,-,177701206 174007692 173001027 170001027 164211027 157001027 155551027 153071625 153060815 153000000,177701206,153000000,140001027,123456789,119201027,47685522,,,26340984,16459780,,3571812,2377390,1633815,,731496,426634,
137,3,あの日見た夜空は、いつかの未来へ ,2024/07/23 20:00,2024/07/26 20:00,ワールドリンク,"ick, saki, hnm, shiho, miku(Ln), rin(Ln), len(Ln), luka(Ln), meiko(Ln), kaito(Ln)",unit,shiho,-,181818108 174300108 170742108 162108000 156311055 154617287 153340108 150159108 150130108 150000108,181818108,150000108,131027108,120600108,110000108,55963848,,,32625990,23268038,,5444066,3196426,1823210,,739641,422785,
137,4,あの日見た夜空は、いつかの未来へ ,2024/07/26 20:00,2024/07/29 20:00,ワールドリンク,"ick, saki, hnm, shiho, miku(Ln), rin(Ln), len(Ln), luka(Ln), meiko(Ln), kaito(Ln)",unit,ick,-,184000811 181208111 170000811 161225811 160081159 159102718 155509130 151510811 151424811 150981105,184000811,150981105,145100811,141004939,138395780,84237899,,,49010811,35886934,,7720271,4149762,2168287,,795017,433907,
138,-,Chase my IDEAL IDOL !,2024/07/31 15:00,2024/08/07 21:00,マラソン,"mnr, hrk, airi, szk, miku(MMJ), rin(MMJ), len(MMJ), luka(MMJ), meiko(MMJ), kaito(MMJ)",unit,airi,cute,280333319 230000319 208190319 190430319 183617372 181854091 177000319 175170319 173000319 171000319,280333319,171000319,111722319,74039319,55826739,25555555,20000210,15726319,14687986,9895061,4538018,3685032,3304409,2544833,1603351,1266400,757335,234455
139,-,鳴らせビューティフルサウンド！,2024/08/09 15:00,2024/08/15 21:00,マラソン,"saki, an, toya, knd, mfy",mix,toya,mysterious,260726525 250525726 245003939 242811525 225250108 221027509 181080525 175090525 160900720 145252100,260726525,145252100,108525210,85819525,57704525,20814697,17061730,14210525,13239370,9356498,4278318,3471229,3024279,2241081,1400320,1119267,695375,226317
140,-,キミと、セカイの始まりで,2024/08/17 20:00,2024/08/29 20:00,ワールドリンク,"miku, rin, len, luka, meiko, kaito",unit,-,-,646030130 554621227 512272007 487567628 450037870 403923217 350831227 346800693 345001227 339000130,646030130,339000130,278232323,226691892,188000000,125355615,1105333002,101966711,92913616,62841082,39578891,30909974,20836296,11329065,5383919,3919008,2139083,477589
140,1,キミと、セカイの始まりで,2024/08/17 20:00,2024/08/19 20:00,ワールドリンク,"miku, rin, len, luka, meiko, kaito",unit,luka,-,136570560 134000130 130130130 123780334 118310130 116666130 111333000 108310130 107869454 103130130,136570560,103130130,92930130,80000130,71939253,36140888,,,17441480,12286130,,3003647,2142505,1510010,,662913,385320,
140,2,キミと、セカイの始まりで,2024/08/19 20:00,2024/08/21 20:00,ワールドリンク,"miku, rin, len, luka, meiko, kaito",unit,rin,-,126901227 125001227 124594699 122700000 120071227 112500039 112272525 112271227 112270411 107371227,126901227,107371227,100201227,86861227,80305879,40631307,,,22830810,17014507,,3472405,2234850,1444614,,588867,338515,
140,3,キミと、セカイの始まりで,2024/08/21 20:00,2024/08/23 20:00,ワールドリンク,"miku, rin, len, luka, meiko, kaito",unit,meiko,-,123021105 115624517 115108115 110505050 110501105 110500000 107851070 102171105 100217115 100001105,123021105,100001105,73292696,50251105,41000000,21001556,,,10271926,6519999,,1909250,1505212,1195725,,531525,308888,
140,4,キミと、セカイの始まりで,2024/08/23 20:00,2024/08/25 20:00,ワールドリンク,"miku, rin, len, luka, meiko, kaito",unit,len,-,132648640 131977510 131919855 130217540 122702877 122700000 121227102 119148158 114469423 111481227,132648640,111481227,101227624,87701227,81819519,47626209,,,25702590,18349034,,3955566,2460906,1510388,,580628,329014,
140,5,キミと、セカイの始まりで,2024/08/25 20:00,2024/08/27 20:00,ワールドリンク,"miku, rin, len, luka, meiko, kaito",unit,kaito,-,135008257 133000088 132713625 128800217 125250217 125214217 123217831 121711532 121700917 121123217,135008257,121123217,108236607,100000000,91249217,53619328,,,32904176,24693227,,5811094,3393360,1793082,,592858,329086,
140,6,キミと、セカイの始まりで,2024/08/27 20:00,2024/08/29 20:00,ワールドリンク,"miku, rin, len, luka, meiko, kaito",unit,miku,-,133901831 128312539 125280831 123000039 120588939 120070831 118313939 117003939 115145365 113939831,133901831,113939831,108340309,103939393,100000364,61061402,,,36648617,27202890,,6851424,4127550,2305110,,702250,373671,
141,-,わんだほら～！？な肝だめし！,2024/08/31 15:00,2024/09/08 21:00,マラソン,"hnm, szk, emu, mfy, mzk",mix,emu,cool,270000909 250127827 220000909 209090127 200127909 165909909 165909909 154950909 150000909 150000909,270000909,150000909,106411478,64127909,50340889,21598892,16756559,13557812,12917650,9238448,4670689,3890471,3513110,2747373,1759347,1385594,825402,236860
142,-,鍛えてFLY！Muscle Training！,2024/09/10 15:00,2024/09/18 21:00,マラソン,"hrk, an, akt, tks, meiko(MMJ)",mix,hrk,happy,300001005 211121005 155171005 150001005 145001005 131761112 131631005 121051112 117217283 110051054,300001005,110051054,72831815,50260005,37564520,15000000,11988599,10050726,9376952,6699347,3733470,3355596,3145234,2466694,1592725,1250328,737068,209232
143,-,This moment with you !,2024/09/20 15:00,2024/09/28 21:00,マラソン,"ick, saki, hnm, shiho, miku(Ln), rin(Ln), len(Ln), luka(Ln), meiko(Ln), kaito(Ln)",unit,ick,mysterious,300000811 270000811 220000811 183100811 178700811 172180099 165937619 165920811 165590139 150000811,300000811,150000811,115089512,58797079,37232817,17462986,13254157,11572375,10961059,7931314,4175083,3658527,3369451,2647466,1704436,1352750,815778,241740
144,-,想いをのせて！Dream Stage,2024/09/30 15:00,2024/10/09 21:00,マラソン,"shiho, airi, toya, nene, ena",mix,nene,pure,309390930 277205251 272000000 231900720 220272022 201227720 201218720 201080720 200720720 180108720,309390930,180108720,149612525,117200439,97411017,44734579,35782789,31080340,29534753,22792233,10839649,8404855,7308828,6050490,3482320,2918208,1983300,703769
145,-,荊棘の道は何処へ,2024/10/12 18:00,2024/10/19 21:00,マラソン,"knd, mfy, ena, mzk, miku(25ji), rin(25ji), len(25ji), luka(25ji), meiko(25ji), kaito(25ji)",unit,mzk,cute,326834020 326605720 300000827 290430827 284300827 280000827 272000827 264430827 260250827 258270000,326834020,258270000,204300827,174300827,146761298,79217880,62100560,54300827,52325827,42274791,19160279,14503215,11082882,7997925,3287240,2754579,1862085,670740
146,-,Rekindle the flame,2024/10/21 15:00,2024/10/29 21:00,マラソン,"khn, an, akt, toya, miku(VBS), rin(VBS), len(VBS), luka(VBS), meiko(VBS), kaito(VBS)",unit,akt,cool,370001112 351801112 343601112 339001112 335251112 320001112 315001112 311112525 300081010 282828282,370001112,282828282,200001112,155251112,105978364,51687758,40244859,34953765,33623648,24264820,10345286,7673739,6166990,4639676,2657015,2242200,1551125,463986
147,-,Happy Enjoy Music !,2024/10/31 15:00,2024/11/08 21:00,マラソン,"ick, saki, hnm, shiho, miku(Ln), rin(Ln), len(Ln), luka(Ln), meiko(Ln), kaito(Ln)",unit,saki,happy,360000509 359000509 309393939 278757520 276064509 275952095 228059624 215959509 214260509 210112516,360000509,210112516,150035649,100000000,62999509,29100108,23569155,20000509,18790726,13383149,6075301,4904750,4356560,3351795,2171745,1762966,1090089,323524
148,-,また、木の葉の色づく頃に,2024/11/10 15:00,2024/11/18 21:00,マラソン,"saki, shiho, szk, tks, rin(Ln)",mix,shiho,mysterious,312060108 302100108 195090108 180000108 163126108 159108126 153000108 144010108 144000108 140126108,312060108,140126108,100000000,61081206,48734081,19999928,15597779,12808186,11989737,8474361,4491582,3872840,3618262,2927054,1936904,1571475,965869,286535
149,-,The Power Of Regret,2024/11/20 15:00,2024/11/28 21:00,マラソン,"tks, emu, nene, rui, miku(WS), rin(WS), len(WS), luka(WS), meiko(WS), kaito(WS)",unit,nene,pure,352000720 345720720 300000000 288909720 277299720 276240720 276127000 275390720 240778720 220000720,352000720,220000720,150000731,97703286,68514942,31426305,25434853,21024720,19900239,13886808,6190886,4958635,4415573,3388218,2133840,1736650,1060290,302287
150,-,傷だらけの手で、私達は,2024/11/30 15:00,2024/12/09 21:00,マラソン,"knd, mfy, ena, mzk, miku(25ji), rin(25ji), len(25ji), luka(25ji), meiko(25ji), kaito(25ji)",unit,ena,cool,410000430 400000430 390000430 360827430 334301112 325853430 300827430 300000430 282233430 265000430,410000430,265000430,228270430,200000430,151318400,82006308,62916838,53244229,50489739,40527218,16358145,11898578,9029885,5781620,3085843,2508380,1592450,492873
151,-,Grow glorious glow,2024/12/11 15:00,2024/12/19 21:00,マラソン,"mnr, hrk, airi, szk, miku(MMJ), rin(MMJ), len(MMJ), luka(MMJ), meiko(MMJ), kaito(MMJ)",unit,szk,happy,334291206 312061206 308271206 250001206 230001206 212320879 200001206 183191027 150001206 145902386,334291206,145902386,113191197,81127615,51320304,22631984,17469000,15066604,14249148,9930098,4890744,4042536,3713343,2943035,1921975,1540994,932890,275795
152,-,Special present for YOU！,2024/12/21 15:00,2024/12/29 21:00,マラソン,"khn, akt, emu, rui, luka(VBS)",mix,rui,pure,331225624 320909624 313032624 301225624 282525624 251762439 242070624 203971202 190000624 189302624,331225624,189302624,162400624,115115624,95909302,34660666,25875401,22020624,20473716,15099257,5909416,4660624,4119895,3145905,2010154,1637419,1022752,331720
153,-,Unfading wishing,2024/12/31 15:00,2025/01/09 21:00,マラソン,"airi, akt, toya, ena, kaito(MMJ)",mix,akt,cute,381112525 366250210 358726319 350251112 311120525 285251112 274301112 270001112 263191112 240001112,381112525,240001112,146711112,111200000,71003564,31939521,24213923,20516883,19595953,13296861,6720636,5558568,5011452,3889707,2497844,2016568,1251589,411561
154,-,Time to take off！,2025/01/11 15:00,2025/01/19 21:00,マラソン,"khn, an, akt, toya, miku(VBS), rin(VBS), len(VBS), luka(VBS), meiko(VBS), kaito(VBS)",unit,toya,happy,350000525 340000525 302525826 285251112 252526839 242402525 240000108 237037197 225258632 212121525,350000525,212121525,150000000,105331388,70770962,33237840,26268773,22356031,21615730,15386245,7473981,6117095,5334041,4100108,2568984,2087705,1339240,421120
155,-,Show your shine,2025/01/21 15:00,2025/01/29 21:00,マラソン,"ick, saki, khn, knd, rin(25ji)",mix,knd,cool,345000000 341227210 310270108 252525210 225000210 202525210 178111005 159210319 158942554 151940210,345000000,151940210,101827100,76999237,49114178,27431300,21571696,18975264,18226887,12897998,6706843,5419567,4724989,3604249,2318115,1925270,1263523,433615
156,-,このひと針に想いを込めて,2025/01/31 15:00,2025/02/08 21:00,マラソン,"hrk, szk, mfy, mzk, len(MMJ)",mix,szk,happy,316000000 300001206 262141206 251271206 223787096 201206624 188888888 160001206 151561206 139126127,316000000,139126127,88801206,67001207,51324672,21000414,16322233,13896104,13142401,9274905,5591582,4818228,4335507,3393399,2243289,1864756,1224924,422305
157,-,Rise and Strive,2025/02/10 15:00,2025/02/18 21:00,マラソン,"mnr, hrk, airi, szk, miku(MMJ), rin(MMJ), len(MMJ), luka(MMJ), meiko(MMJ), kaito(MMJ)",unit,hrk,mysterious,321301005 261051005 250001005 240001005 234141005 230001005 221101005 215001005 205001005 194251005,321301005,194251005,122502250,83001005,63610414,30005471,23600414,18543769,17896625,12574140,5880888,4783136,4261248,3279030,2170240,1808555,1180817,404970
158,-,昔日のRead-aloud,2025/02/20 15:00,2025/02/26 21:00,マラソン,"ick, hnm, nene, rui, meiko(Ln)",mix,hnm,cute,270811027 260000000 250811027 234567890 223921027 187371027 183601027 181027720 172001027 171151027,270811027,171151027,110001027,56401027,43148055,17368361,12767952,10502025,9461057,6388346,3711190,3249210,2998710,2330284,1552115,1288527,840889,284010
159,-,Connect hearts message,2025/02/28 15:00,2025/03/08 21:00,マラソン,"saki, shiho, emu, rin(Ln), meiko(WS)",mix,saki,pure,314000509 300000000 250939509 231539509 230000509 225591899 166111259 142590909 130000509 115319509,314000509,115319509,87624509,58002175,46532828,21537582,17460099,15014022,14117689,9942020,5349090,4561225,4147794,3218891,2108920,1749275,1128671,363060
160,-,You are my HERO!!,2025/03/10 15:00,2025/03/18 21:00,マラソン,"mnr, airi, tks, nene, mzk",mix,tks,mysterious,320000000 315000517 300088517 280880517 274517319 235170827 232517720 230000517 210051720 202222517,320000000,202222517,174000517,114751566,70000517,36161737,27320083,23456789,22765211,16663043,6516826,5170918,4516372,3392543,2146960,1785563,1159591,379460
161,-,Unreliable Notes,2025/03/20 15:00,2025/03/28 21:00,マラソン,"knd, mfy, ena, mzk, miku(25ji), rin(25ji), len(25ji), luka(25ji), meiko(25ji), kaito(25ji)",unit,knd,cool,370000210 363000210 353160210 285025210 280000210 270414210 261270210 252500210 215000210 210000000,370000210,210000000,170652181,132500210,104599910,50774864,40265364,34729966,32149410,23141732,10701788,8086809,6405981,4330549,2510296,2082877,1348764,439152
162,-,Find the dream view,2025/03/30 15:00,2025/04/06 21:00,マラソン,"ick, saki, hnm, shiho, miku(Ln), rin(Ln), len(Ln), luka(Ln), meiko(Ln), kaito(Ln)",unit,shiho,cool,300000108 275091027 265008110 259321741 252541108 241769997 240108509 232000108 225000108 220108523,300000108,220108523,130496406,109120108,80000000,39775204,30985043,26922847,25737228,19517722,9090909,7147485,6172761,4696768,2808254,2417025,1807660,641945
163,-,Turning Pain into Drive,2025/04/08 20:00,2025/04/20 20:00,ワールドリンク,"khn, an, akt, toya, miku(VBS), rin(VBS), len(VBS), luka(VBS), meiko(VBS), kaito(VBS)",unit,-,-,815000000 665000726 600525302 547000302 531112525 515151726 501112525 500000302 485251112 461112525,815000000,461112525,369124140,283236121,224076402,176592718,151363134,137726733,130092086,84821911,58990439,48127924,31191966,16294469,7279405,5459581,3302113,825780
163,1,Turning Pain into Drive,2025/04/08 20:00,2025/04/11 20:00,ワールドリンク,"khn, an, akt, toya, miku(VBS), rin(VBS), len(VBS), luka(VBS), meiko(VBS), kaito(VBS)",unit,toya,-,222000525 215000525 210000525 205250505 200501525 200038025 191525108 191112525 184272647 181981900,222000525,181981900,160000525,141131525,132479680,71588852,,,51665305,45245626,,11646589,7352353,4204354,,1404676,886047,
163,2,Turning Pain into Drive,2025/04/11 20:00,2025/04/14 20:00,ワールドリンク,"khn, an, akt, toya, miku(VBS), rin(VBS), len(VBS), luka(VBS), meiko(VBS), kaito(VBS)",unit,akt,-,230254264 229833725 211121112 210000000 205251112 201111222 200001112 200001112 191112525 191112525,230254264,191112525,182661112,171112525,164144815,97666340,,,63974356,53867192,,12321760,7665846,4241081,,1312065,832367,
163,3,Turning Pain into Drive,2025/04/14 20:00,2025/04/17 20:00,ワールドリンク,"khn, an, akt, toya, miku(VBS), rin(VBS), len(VBS), luka(VBS), meiko(VBS), kaito(VBS)",unit,khn,-,213028686 203302302 200923302 200000000 200000000 190000302 190000302 187654302 181112032 180868632,213028686,180868632,150940988,129519145,118686000,61622311,,,43087574,34429744,,7804963,4798117,2811121,,1132105,718910,
163,4,Turning Pain into Drive,2025/04/17 20:00,2025/04/20 20:00,ワールドリンク,"khn, an, akt, toya, miku(VBS), rin(VBS), len(VBS), luka(VBS), meiko(VBS), kaito(VBS)",unit,an,-,235000726 230726000 217260000 211000726 209726333 204961975 200590726 200000726 200000726 194000726,235000726,194000726,162984380,134011726,128942204,68396600,,,41716842,32707356,,7334495,4628110,2958855,,1235836,771360,
164,-,Choices for the future,2025/04/22 15:00,2025/04/28 21:00,マラソン,"tks, emu, nene, rui, miku(WS), rin(WS), len(WS), luka(WS), meiko(WS), kaito(WS)",unit,emu,mysterious,254190909 250000909 244517909 207200909 201520909 200000909 190951720 170000909 169555909 165217909,254190909,165217909,123217909,70001909,51988548,23748341,18948184,16459583,15049020,9977401,4727828,3913360,3603908,2798447,1835912,1519209,994410,291245
165,-,そして、針は動き出す,2025/04/30 15:00,2025/05/06 21:00,マラソン,"knd, mfy, ena, mzk, miku(25ji), rin(25ji), len(25ji), luka(25ji), meiko(25ji), kaito(25ji)",unit,mfy,mysterious,290000127 275231001 270000127 265213294 265145942 265097286 264300127 263414827 260149920 210000127,290000127,210000127,118465127,81436885,63032680,31854773,23086293,20220620,19061097,14588024,6770871,5232603,4448785,3255638,2034910,1694365,1129348,0
166,-,チアフルカーニバルイベントテストイベント,2025/05/07 21:00,2025/05/08 21:00,チアフルカーニバル,"ick, mnr, khn, tks, knd",unit,-,pure,28128210 25302302 20000000 17260414 17260414 16001027 14730710 14444444 13333333 12345678,28128210,12345678,8801227,6321808,4648895,2675488,2271236,2064065,1948435,1679106,1446065,1313580,1153240,950980,677340,486410,264734,44040
167,-,Dear my fellows,2025/05/09 20:00,2025/05/21 20:00,ワールドリンク,"tks, emu, nene, rui, miku(WS), rin(WS), len(WS), luka(WS), meiko(WS), kaito(WS)",unit,-,-,770000000 666517624 562481517 536624517 536300605 534740517 512624517 512000517 505050505 495000624,770000000,495000624,432975040,285978694,235374260,190000517,175743068,150173322,129385179,90078155,60442592,50305565,30820622,16108430,7239722,5350335,3167124,728245
167,1,Dear my fellows,2025/05/09 20:00,2025/05/12 20:00,ワールドリンク,"tks, emu, nene, rui, miku(WS), rin(WS), len(WS), luka(WS), meiko(WS), kaito(WS)",unit,rui,-,220000624 217484405 215000624 212010624 209018610 206853585 206240624 206240624 206240000 200624624,220000624,200624624,200000624,180000624,171188883,96952951,,,62022405,50522157,,12744145,8320352,4726248,,1449760,893960,
167,2,Dear my fellows,2025/05/12 20:00,2025/05/15 20:00,ワールドリンク,"tks, emu, nene, rui, miku(WS), rin(WS), len(WS), luka(WS), meiko(WS), kaito(WS)",unit,tks,-,230624517 223449600 222892775 222368400 215170000 212624517 211356708 211356250 210624517 210475610,230624517,210475610,200226000,180624517,169486295,92664471,,,59217692,48465494,,11495444,7169498,3831744,,1190990,737447,
167,3,Dear my fellows,2025/05/15 20:00,2025/05/18 20:00,ワールドリンク,"tks, emu, nene, rui, miku(WS), rin(WS), len(WS), luka(WS), meiko(WS), kaito(WS)",unit,nene,-,232917200 228310720 223720720 212000720 207200720 200000720 196160720 194666015 192000000 188000720,232917200,188000720,172082700,167124720,158816000,83100842,,,51720720,39041880,,8472022,5100075,3019198,,1149030,728215,
167,4,Dear my fellows,2025/05/18 20:00,2025/05/21 20:00,ワールドリンク,"tks, emu, nene, rui, miku(WS), rin(WS), len(WS), luka(WS), meiko(WS), kaito(WS)",unit,emu,-,208310909 201027909 195230909 190909091 188520909 182626909 180517909 180351915 173232909 170000909,208310909,170000909,143000909,123263120,110147110,67920909,,,43024207,31144354,,6894974,4415590,2833746,,1145028,688630,
168,-,Cheer with my Heart!,2025/05/23 15:00,2025/05/29 21:00,マラソン,"mnr, hrk, airi, szk, miku(MMJ), rin(MMJ), len(MMJ), luka(MMJ), meiko(MMJ), kaito(MMJ)",unit,airi,happy,296800319 292885525 287100319 280000319 250000319 231916614 206000319 203191206 200000319 183410319,296800319,183410319,120000414,85090314,56107906,24598169,17262654,15001300,13814347,10633734,4416712,3663845,3349955,2596219,1710650,1398462,880150,247162
169,-,Aim higher and higher！,2025/05/31 15:00,2025/06/07 21:00,マラソン,"khn, an, akt, toya, miku(VBS), rin(VBS), len(VBS), luka(VBS), meiko(VBS), kaito(VBS)",unit,khn,cute,330000302 325250831 241400302 236590302 230525302 220000302 211121302 171000302 169515030 166000302,330000302,166000302,134525302,95952809,55555525,29020000,23784822,20900302,20066694,13865470,6265347,5089456,4509844,3379510,2159125,1771151,1130580,540325
170,-,泡沫に抱かれて,2025/06/09 20:00,2025/06/21 20:00,ワールドリンク,"knd, mfy, ena, mzk, miku(25ji), rin(25ji), len(25ji), luka(25ji), meiko(25ji), kaito(25ji)",unit,-,-,819000000 777777777 690001594 660000000 654321025 606644313 604300127 600827430 570250000 567890210,819000000,567890210,420006690,330250250,268430430,191073240,176986691,144982479,127319190,88204712,63917485,56515006,33727460,17355268,7661585,5647180,3313069,803817
170,1,泡沫に抱かれて,2025/06/09 20:00,2025/06/12 20:00,ワールドリンク,"knd, mfy, ena, mzk, miku(25ji), rin(25ji), len(25ji), luka(25ji), meiko(25ji), kaito(25ji)",unit,knd,-,233000210 230000210 225250210 220210210 220025210 215250210 214220526 210999999 210998605 210210210,233000210,210210210,187519210,170000210,161609433,90000210,,,61903480,53605200,,14083805,9141730,5005583,,1484875,905825,
170,2,泡沫に抱かれて,2025/06/12 20:00,2025/06/15 20:00,ワールドリンク,"knd, mfy, ena, mzk, miku(25ji), rin(25ji), len(25ji), luka(25ji), meiko(25ji), kaito(25ji)",unit,ena,-,240045430 218000430 216717510 201689200 201580430 201070430 200430910 200000430 194300000 191800430,240045430,191800430,182725430,170955782,166999355,94749882,,,59891079,50255213,,9701255,5825300,3300650,,1221295,768320,
170,3,泡沫に抱かれて,2025/06/15 20:00,2025/06/18 20:00,ワールドリンク,"knd, mfy, ena, mzk, miku(25ji), rin(25ji), len(25ji), luka(25ji), meiko(25ji), kaito(25ji)",unit,mzk,-,234025827 226667828 220000827 220000827 212500827 210827430 210430827 208270827 201482255 200025827,234025827,200025827,182701112,175110827,170030587,93652152,,,63817222,53204782,,12287665,7534250,3958825,,1219825,744456,
170,4,泡沫に抱かれて,2025/06/18 20:00,2025/06/21 20:00,ワールドリンク,"knd, mfy, ena, mzk, miku(25ji), rin(25ji), len(25ji), luka(25ji), meiko(25ji), kaito(25ji)",unit,mfy,-,234025827 226667828 220000827 220000827 212500827 210827430 210430827 208270827 201482255 200025827,233250127,183300127,157700127,134523175,122735877,71424630,,,44854374,31778290,,7872550,5021095,3033220,,1201570,720570,
171,-,"ordinary,yet special us",2025/06/23 20:00,2025/07/05 20:00,ワールドリンク,"ick, saki, hnm, shiho, miku(Ln), rin(Ln), len(Ln), luka(Ln), meiko(Ln), kaito(Ln)",unit,-,-,750000000 720181159 570000108 535207154 533509108 517000255 504015142 460509509 460000127 442525509,750000000,442525509,333340811,274725548,224378046,156412055,136673401,111535205,97286062,62989398,42343597,30778189,19582320,10248070,5633400,4270675,2571320,595820
171,1,"ordinary,yet special us",2025/06/23 20:00,2025/06/26 20:00,ワールドリンク,"ick, saki, hnm, shiho, miku(Ln), rin(Ln), len(Ln), luka(Ln), meiko(Ln), kaito(Ln)",unit,shiho,-,232525108 215000108 213000108 210827221 208310108 201080108 200000108 200000108 190001080 189250770,232525108,189250770,145966405,111200108,101828138,53108108,,,30333444,22056152,,5281298,3590049,2443390,,1105600,665070,
171,2,"ordinary,yet special us",2025/06/26 20:00,2025/06/29 20:00,ワールドリンク,"ick, saki, hnm, shiho, miku(Ln), rin(Ln), len(Ln), luka(Ln), meiko(Ln), kaito(Ln)",unit,saki,-,227260509 225355715 210000509 205090509 200517509 200005090 200000509 195000509 192000509 190587411,227260509,190587411,172000509,150000509,137018749,63537891,,,35988229,26086606,,4925171,3241150,2227755,,1018616,644635,
171,3,"ordinary,yet special us",2025/06/29 20:00,2025/07/02 20:00,ワールドリンク,"ick, saki, hnm, shiho, miku(Ln), rin(Ln), len(Ln), luka(Ln), meiko(Ln), kaito(Ln)",unit,hnm,-,234853413 234827760 230000000 208001027 204811027 204801027 200001027 195102700 187771027 184301027,234853413,184301027,151027912,112341027,93001027,44895740,,,25881685,18030695,,3982790,2911448,2091910,,976975,608534,
171,4,"ordinary,yet special us",2025/07/02 20:00,2025/07/05 20:00,ワールドリンク,"ick, saki, hnm, shiho, miku(Ln), rin(Ln), len(Ln), luka(Ln), meiko(Ln), kaito(Ln)",unit,ick,-,241100811 222000811 217210811 210390811 205000811 200000811 195000811 193939811 191001580 190398110,241100811,190398110,174000811,150140811,142687808,79952168,,,49969082,37941264,,7388010,4241725,2690945,,1067805,636646,
172,-,Deeper and deeper,2025/07/07 15:00,2025/07/13 21:00,マラソン,"tks, emu, nene, rui, miku(WS), rin(WS), len(WS), luka(WS), meiko(WS), kaito(WS)",unit,rui,happy,300000624 289624624 281000624 271105624 270608624 265170624 260870624 258270624 253700624 240624720,300000624,240624720,194096624,155695442,119822562,53640624,45624517,36484279,34480588,26583127,9253135,6370695,5188025,3554715,2102200,1681145,1047704,300230
173,-,"Unsteady, still steady step",2025/07/15 15:00,2025/07/21 21:00,マラソン,"ick, saki, hnm, shiho, miku(Ln), rin(Ln), len(Ln), luka(Ln), meiko(Ln), kaito(Ln)",unit,hnm,cute,260001027 240001027 210271227 195001027 190001027 183939390 183939390 180001027 160001027 157721027,260001027,157721027,97818800,68986678,47021514,17302394,12497737,10480795,9868226,7181335,3797453,3373520,3136356,2483525,1646923,1327325,814521,256135
174,-,start rolling! stars' crossing,2025/07/23 15:00,2025/07/29 21:00,マラソン,"mnr, hrk, airi, szk, miku(MMJ), rin(MMJ), len(MMJ), luka(MMJ), meiko(MMJ), kaito(MMJ)",unit,mnr,pure,301000414 280319414 274141005 270000414 260000414 257000414 254140815 250000414 241401005 240410414,301000414,240410414,141487310,93000414,62509450,23014953,16288414,14140414,13025414,9054210,4124807,3582402,3311435,2577596,1673215,1356049,828855,216782
175,-,Competitive fire！,2025/07/31 15:00,2025/08/06 21:00,マラソン,"khn, an, akt, toya, miku(VBS), rin(VBS), len(VBS), luka(VBS), meiko(VBS), kaito(VBS)",unit,an,happy,272600000 260000525 230000726 210000726 194277726 190000726 182000726 178100726 172600000 167260726,272600000,167260726,114526726,78831702,55144785,24727458,20064532,16634417,15293364,11269919,5479998,4435008,3969075,2973555,1859050,1504545,938717,280494
176,-,All ways Jump! with you,2025/08/08 20:00,2025/08/20 20:00,ワールドリンク,"mnr, hrk, airi, szk, miku(MMJ), rin(MMJ), len(MMJ), luka(MMJ), meiko(MMJ), kaito(MMJ)",unit,-,-,900000000 827430105 804141206 800001005 777777777 704141005 700000000 662525105 648589945 605000000,900000000,605000000,450000000,313875990,235000010,178672087,156295550,131751940,105201982,65170000,40291703,30831439,17684936,9894430,5382865,4034303,2357417,475205
176,1,All ways Jump! with you,2025/08/08 20:00,2025/08/11 20:00,ワールドリンク,"mnr, hrk, airi, szk, miku(MMJ), rin(MMJ), len(MMJ), luka(MMJ), meiko(MMJ), kaito(MMJ)",unit,mnr,-,245414414 235000414 234140414 229713061 221036417 218489310 212000414 211860098 210000414 205414517,245414414,205414517,187310414,160000414,152400414,63042085,,,35003298,26707900,,5137100,3499969,2428965,,1079378,633326,
176,2,All ways Jump! with you,2025/08/11 20:00,2025/08/14 20:00,ワールドリンク,"mnr, hrk, airi, szk, miku(MMJ), rin(MMJ), len(MMJ), luka(MMJ), meiko(MMJ), kaito(MMJ)",unit,hrk,-,240010050 230001005 220001005 218544346 206522483 205921970 205081005 205081005 203161005 200251005,240010050,200251005,188001005,174869086,165535105,92000057,,,47934263,34876255,,5622873,3506972,2275395,,978840,603577,
176,3,All ways Jump! with you,2025/08/14 20:00,2025/08/17 20:00,ワールドリンク,"mnr, hrk, airi, szk, miku(MMJ), rin(MMJ), len(MMJ), luka(MMJ), meiko(MMJ), kaito(MMJ)",unit,airi,-,237319320 222222319 217319319 215000319 211891680 206196005 203934636 200000604 199997130 193000319,237319320,193000319,162811319,150000000,133430319,58905670,,,31306678,22859337,,4264695,3001960,2154300,,943270,568385,
176,4,All ways Jump! with you,2025/08/17 20:00,2025/08/20 20:00,ワールドリンク,"mnr, hrk, airi, szk, miku(MMJ), rin(MMJ), len(MMJ), luka(MMJ), meiko(MMJ), kaito(MMJ)",unit,szk,-,236001206 224291206 222221206 220001206 218385209 204291206 204034467 202020202 195313981 190829656,236001206,190829656,168000000,148119555,141161556,57321206,,,27635435,18965510,,4147206,3022971,2216617,,967562,567280,
177,-,ほどけぬ明日に手を伸ばして,2025/08/22 15:00,2025/08/28 21:00,マラソン,"knd, mfy, ena, mzk, miku(25ji), rin(25ji), len(25ji), luka(25ji), meiko(25ji), kaito(25ji)",unit,mzk,happy,292000827 289638005 287000827 282725827 280000827 250000827 232539827 225000827 193600827 186000827,292000827,186000827,112270827,82700000,65403041,29839702,23884179,20270900,19464947,14711852,6451910,4929600,4137127,3050214,1902160,1540720,959328,244198
178,-,Deep Dark For Light,2025/08/30 15:00,2025/09/04 21:00,マラソン,"tks, emu, nene, rui, miku(WS), rin(WS), len(WS), luka(WS), meiko(WS), kaito(WS)",unit,tks,cool,250000000 243000517 237880517 235088517 233988517 227025979 226914375 226884144 226867631 221700517,250000000,221700517,153052517,104200517,85944554,40686803,35097196,30626835,29546137,23071780,8548470,5888930,4625020,3030709,1697905,1350245,821980,196850
179,-,Link the Beats！,2025/09/06 20:00,2025/09/18 20:00,ワールドリンク,"miku, rin, len, luka, meiko, kaito",unit,-,-,983100930 820071227 700213279 683103939 607037870 558313939 524111500 518618959 500000039 491112130,983100930,491112130,319665317,257637647,192564839,134084205,121030010,110067144,103090895,69674942,44885982,35610256,24279114,13462005,6604017,4795060,2730439,489596
179,1,Link the Beats！,2025/09/06 20:00,2025/09/08 20:00,ワールドリンク,"miku, rin, len, luka, meiko, kaito",unit,len,-,166674325 160543435 156001227 153020000 150501227 148301227 146051227 144877877 142240948 140001227,166674325,140001227,122702877,102651227,92023460,51724634,,,29550187,19989091,,4696480,3124931,2126058,,879370,507010,
179,2,Link the Beats！,2025/09/08 20:00,2025/09/10 20:00,ワールドリンク,"miku, rin, len, luka, meiko, kaito",unit,miku,-,160390831 158582775 153900255 150000039 148313939 142600865 139120000 136039831 131133939 130834055,160390831,130834055,124814839,110000831,100915260,60000831,,,35096257,26193665,,5601075,3511798,2201907,,779110,454485,
179,3,Link the Beats！,2025/09/10 20:00,2025/09/12 20:00,ワールドリンク,"miku, rin, len, luka, meiko, kaito",unit,luka,-,169737742 162412130 155000130 150130130 150053085 146116130 144130130 136130130 135218695 133316432,169737742,133316432,120090130,87200130,76364055,36508744,,,20090130,12788206,,3000000,2250362,1647819,,701770,419075,
179,4,Link the Beats！,2025/09/12 20:00,2025/09/14 20:00,ワールドリンク,"miku, rin, len, luka, meiko, kaito",unit,meiko,-,155551105 153955430 144115311 136208680 130001105 126108138 121787731 121105108 120001105 118148665,155551105,118148665,100001105,76501105,67908295,30977704,,,13837689,9464868,,2521700,2003959,1550045,,698729,430094,
179,5,Link the Beats！,2025/09/14 20:00,2025/09/16 20:00,ワールドリンク,"miku, rin, len, luka, meiko, kaito",unit,kaito,-,174819217 170520000 166611785 160000217 152170217 151123217 150057430 150000217 149067110 145670217,174819217,145670217,130183217,117000217,100000000,65048557,,,39918601,29794687,,6252921,3641792,2138700,,735695,429035,
179,6,Link the Beats！,2025/09/16 20:00,2025/09/18 20:00,ワールドリンク,"miku, rin, len, luka, meiko, kaito",unit,rin,-,167538873 150203939 140201227 138001227 134762785 132181227 126591227 122761015 122737315 122720000,167538873,122720000,111111227,100001227,89452892,46741227,,,27311811,19479815,,4266946,2957010,2036180,,776512,437245,
180,-,Wishes in Bloom！,2025/09/25 20:00,2025/09/28 20:00,ワールドリンク,-,-,-,-,243699320 242895580 242364643 242012785 241401735 240072030 239100210 239000517 238904140 238902100,243699320,238902100,236519030,232699720,230147565,201270430,191182920,182742827,180011112,171245335,35118590,27271920,20964625,12464501,4364885,3047280,1626811,253061
181,-,Our Golden Days,2025/09/30 15:00,2025/10/09 21:00,マラソン,"saki, hrk, an, emu, mzk, miku(VBS)",mix,an,pure,405090726 272600000 246000726 236201804 230000930 215105726 211120726 200726302 191112414 188632117,405090726,188632117,135831815,94501206,74000726,37687269,31002440,26426848,25494332,19876966,12160827,10646421,9729075,8199662,4390992,3601058,2262230,642765
