id,chapter,chara_id,type,name,unit,start_ms,end_ms,r1000,r100000,filled_from_old,start,end,days,top,mass,gap,after,t,type_cn
120,-,,cheerful_carnival,Take the Best Shot！,none,1706698800000,1707393599000,11293702.0,997772.0,True,2024-01-31 20:00:00,2024-02-08 20:59:59,8.041655092592592,1.4044001974671814,0.12407545318862002,11.318920554996533,False,-13.848684210526317,对战嘉年华
121,-,,marathon,導く勇気、優しさを胸に,light_sound,1707544800000,1708257599000,9559965.0,829955.0,True,2024-02-10 15:00:00,2024-02-18 20:59:59,8.249988425925926,1.1587852620444192,0.10060074719521211,11.518654625853209,False,-13.519736842105264,马拉松
122,-,,marathon,刻まれた傷は、やがて,idol,1708408800000,1709035199000,8175808.0,724826.0,True,2024-02-20 15:00:00,2024-02-27 20:59:59,7.249988425925926,1.1276994554589008,0.09997615960434166,11.279683675806332,False,-13.19078947368421,马拉松
123,-,,cheerful_carnival,リラックスティータイム,none,1709186400000,1709726399000,12224451.0,874362.0,True,2024-02-29 15:00:00,2024-03-06 20:59:59,6.249988425925926,1.9559157820662632,0.13989817907070198,13.980995285705463,False,-12.894736842105264,对战嘉年华
124,-,,world_bloom,星を目指して、ヨーソロー！,theme_park,1709895600000,1710932399000,88802770.0,2378929.0,False,2024-03-08 20:00:00,2024-03-20 19:59:59,11.999988425925926,7.400237970908536,0.19824427454115987,37.328886234099464,False,-12.631578947368421,World Link 整场
125,-,,marathon,The first concerto,street,1711087200000,1711627199000,17706238.0,704203.0,False,2024-03-22 15:00:00,2024-03-28 20:59:59,6.249988425925926,2.8330033263024563,0.11267268865312714,25.143656019642062,False,-12.171052631578949,马拉松
126,-,,cheerful_carnival,Rise as ONE！,none,1711778400000,1712577599000,17247583.0,1486303.0,True,2024-03-30 15:00:00,2024-04-08 20:59:59,9.249988425925926,1.8646059006580338,0.16068160645846652,11.604351871724676,False,-11.907894736842106,对战嘉年华
127,-,,marathon,Knowing the Unseen,school_refusal,1712728800000,1713441599000,20083764.0,1136779.0,False,2024-04-10 15:00:00,2024-04-18 20:59:59,8.249988425925926,2.4343990516260545,0.13779158724970153,17.667254585104054,False,-11.546052631578949,马拉松
128,-,,marathon,Parallel Harmonies,light_sound,1713592800000,1714305599000,12305169.0,1135374.0,False,2024-04-20 15:00:00,2024-04-28 20:59:59,8.249988425925926,1.4915377288688678,0.13762128398047696,10.837987306385385,False,-11.217105263157896,马拉松
129,-,,marathon,Whip the wimp girl!!,street,1714456800000,1715083199000,13384154.0,950543.0,False,2024-04-30 15:00:00,2024-05-07 20:59:59,7.249988425925926,1.846093154043988,0.13110958861684008,14.08053502050933,False,-10.888157894736842,马拉松
130,-,,world_bloom,いつか花咲くステージへ,idol,1715252400000,1716289199000,58916095.0,1873685.0,False,2024-05-09 20:00:00,2024-05-21 19:59:59,11.999988425925926,4.909679318749343,0.1561405672652076,31.443970037653074,False,-10.592105263157896,World Link 整场
131,-,,marathon,perspective for smile,theme_park,1716444000000,1716983999000,9510720.0,665877.0,False,2024-05-23 15:00:00,2024-05-29 20:59:59,6.249988425925926,1.5217180179963297,0.10654051729725426,14.282998211381381,False,-10.131578947368421,马拉松
132,-,,cheerful_carnival,みんなで配信♡WEDDING LIVE！,none,1717135200000,1717847999000,9881584.0,852437.0,False,2024-05-31 15:00:00,2024-06-08 20:59:59,8.249988425925926,1.1977694379481452,0.10332584192738767,11.592157543607328,False,-9.868421052631579,对战嘉年华
133,-,,marathon,Lead to shine more,idol,1717999200000,1718711999000,7476285.0,775523.0,False,2024-06-10 15:00:00,2024-06-18 20:59:59,8.249988425925926,0.9062176349854588,0.09400291975718261,9.640313697981878,False,-9.539473684210527,马拉松
134,-,,marathon,灯を手繰りよせて,school_refusal,1718863200000,1719575999000,15295433.0,926692.0,False,2024-06-20 15:00:00,2024-06-28 20:59:59,8.249988425925926,1.8539944797902355,0.11232646061512432,16.505411722557223,False,-9.210526315789474,马拉松
135,-,,marathon,OVER RAD SQUAD!!,street,1719727200000,1720353599000,16600100.0,886692.0,False,2024-06-30 15:00:00,2024-07-07 20:59:59,7.249988425925926,2.289672620805589,0.1223025400742977,18.72138239659318,False,-8.881578947368421,马拉松
136,-,,marathon,お縄を頂戴！？天馬捕物帳,theme_park,1720504800000,1721044799000,14386258.0,713575.0,False,2024-07-09 15:00:00,2024-07-15 20:59:59,6.249988425925926,2.3018055426028567,0.11417221143002117,20.160821217111025,False,-8.585526315789474,马拉松
137,-,,world_bloom,あの日見た夜空は、いつかの未来へ,light_sound,1721214000000,1722250799000,62434272.0,1821113.0,False,2024-07-17 20:00:00,2024-07-29 19:59:59,11.999988425925926,5.202861018191569,0.151759563039702,34.28357932758703,False,-8.322368421052632,World Link 整场
138,-,,marathon,Chase my IDEAL IDOL！,idol,1722405600000,1723031999000,9904461.0,757373.0,False,2024-07-31 15:00:00,2024-08-07 20:59:59,7.249988425925926,1.3661347326544264,0.10446540815039615,13.07738855227213,False,-7.861842105263158,马拉松
139,-,,marathon,鳴らせビューティフルサウンド！,none,1723183200000,1723723199000,9356498.0,695400.0,False,2024-08-09 15:00:00,2024-08-15 20:59:59,6.249988425925926,1.4970424523008377,0.11126420604482602,13.454843255680185,False,-7.565789473684211,马拉松
140,-,,world_bloom,キミと、セカイの始まりで,none,1723892400000,1724929199000,62841082.0,2139215.0,False,2024-08-17 20:00:00,2024-08-29 19:59:59,11.999988425925926,5.2367618842224966,0.17826808860733856,29.375767279118744,False,-7.302631578947369,World Link 整场
141,-,,marathon,わんだほら～！？な肝だめし！,none,1725084000000,1725796799000,9238448.0,825434.0,False,2024-08-31 15:00:00,2024-09-08 20:59:59,8.249988425925926,1.1198134497944021,0.10005274642641193,11.192230996057832,False,-6.842105263157895,马拉松
142,-,,marathon,鍛えてFLY！Muscle Training！,none,1725948000000,1726660799000,6700898.0,737195.0,False,2024-09-10 15:00:00,2024-09-18 20:59:59,8.249988425925926,0.8122312000998879,0.089357095057653,9.089722529317209,False,-6.5131578947368425,马拉松
143,-,,marathon,This moment with you！,light_sound,1726812000000,1727524799000,7931314.0,815930.0,False,2024-09-20 15:00:00,2024-09-28 20:59:59,8.249988425925926,0.9613727426665863,0.09890074481024806,9.720581422425944,False,-6.184210526315789,马拉松
144,-,,marathon,想いをのせて！Dream Stage,none,1727676000000,1728475199000,22792233.0,1983300.0,False,2024-09-30 15:00:00,2024-10-09 20:59:59,9.249988425925926,2.464028272307648,0.2144110790929418,11.492075328997126,False,-5.855263157894737,马拉松
145,-,,marathon,荊棘の道は何処へ,school_refusal,1728723600000,1729339199000,42274791.0,1862152.0,False,2024-10-12 18:00:00,2024-10-19 20:59:59,7.124988425925926,5.933313638261271,0.2613550912200962,22.702116153783365,False,-5.460526315789474,马拉松
146,-,,marathon,Rekindle the flame,street,1729490400000,1730203199000,24264820.0,1551140.0,False,2024-10-21 15:00:00,2024-10-29 20:59:59,8.249988425925926,2.941194429285114,0.18801723346974392,15.643217246670192,False,-5.1644736842105265,马拉松
147,-,,marathon,Happy Enjoy Music！,light_sound,1730354400000,1731067199000,13383149.0,1090123.0,False,2024-10-31 15:00:00,2024-11-08 20:59:59,8.249988425925926,1.622202154604594,0.13213630658853337,12.276732992515523,False,-4.835526315789474,马拉松
148,-,,marathon,また、木の葉の色づく頃に,none,1731218400000,1731931199000,8474361.0,965948.0,False,2024-11-10 15:00:00,2024-11-18 20:59:59,8.249988425925926,1.0271967138001035,0.11708477032094601,8.773102692898583,False,-4.506578947368421,马拉松
149,-,,marathon,The Power Of Regret,theme_park,1732082400000,1732795199000,13886808.0,1060308.0,False,2024-11-20 15:00:00,2024-11-28 20:59:59,8.249988425925926,1.683251816009843,0.12852236212452597,13.096956733326543,False,-4.177631578947369,马拉松
150,-,,marathon,傷だらけの手で、私達は,school_refusal,1732946400000,1733745599000,40527218.0,1592500.0,False,2024-11-30 15:00:00,2024-12-09 20:59:59,9.249988425925926,4.381326347004939,0.17216237758055253,25.44880251177394,False,-3.848684210526316,马拉松
151,-,,marathon,Grow glorious glow,idol,1733896800000,1734609599000,9930098.0,932910.0,False,2024-12-11 15:00:00,2024-12-19 20:59:59,8.249988425925926,1.20364993104648,0.11308015864219788,10.644218627734723,False,-3.486842105263158,马拉松
152,-,,marathon,Special present for YOU！,none,1734760800000,1735473599000,15099257.0,1022755.0,False,2024-12-21 15:00:00,2024-12-29 20:59:59,8.249988425925926,1.8302155373394182,0.12397047695072524,14.76331770560887,False,-3.1578947368421053,马拉松
153,-,,marathon,Unfading wishing,none,1735624800000,1736423999000,13296861.0,1251590.0,False,2024-12-31 15:00:00,2025-01-09 20:59:59,9.249988425925926,1.437500285160517,0.13530719633032573,10.623975103668133,False,-2.8289473684210527,马拉松
154,-,,marathon,Time to take off！,street,1736575200000,1737287999000,15386245.0,1339371.0,False,2025-01-11 15:00:00,2025-01-19 20:59:59,8.249988425925926,1.865002010384414,0.1623482277612623,11.48766473217652,False,-2.4671052631578947,马拉松
155,-,,marathon,Show your shine,none,1737439200000,1738151999000,12897998.0,1263535.0,False,2025-01-21 15:00:00,2025-01-29 20:59:59,8.249988425925926,1.5633958902860414,0.1531559724410388,10.207867609524074,False,-2.138157894736842,马拉松
156,-,,marathon,このひと針に想いを込めて,none,1738303200000,1739015999000,9274905.0,1224960.0,False,2025-01-31 15:00:00,2025-02-08 20:59:59,8.249988425925926,1.1242324862969786,0.1484802083055672,7.571598256269592,False,-1.8092105263157896,马拉松
157,-,,marathon,Rise and Strive,idol,1739167200000,1739879999000,12574140.0,1180817.0,False,2025-02-10 15:00:00,2025-02-18 20:59:59,8.249988425925926,1.5241403200621775,0.14312953413234308,10.648677991593956,False,-1.480263157894737,马拉松
158,-,,marathon,昔日のRead-aloud,none,1740031200000,1740571199000,6388346.0,840908.0,False,2025-02-20 15:00:00,2025-02-26 20:59:59,6.249988425925926,1.0221372528467645,0.13454552915838733,7.5969618555180825,False,-1.1513157894736843,马拉松
159,-,,marathon,Connect hearts message,none,1740722400000,1741435199000,9942020.0,1128751.0,False,2025-02-28 15:00:00,2025-03-08 20:59:59,8.249988425925926,1.2050950239829181,0.13681849497544188,8.807983337334806,False,-0.8881578947368421,马拉松
160,-,,marathon,You are my HERO!!,none,1741586400000,1742299199000,16663043.0,1159615.0,False,2025-03-10 15:00:00,2025-03-18 20:59:59,8.249988425925926,2.0197656214444746,0.14055959113298422,14.369461416073438,False,-0.5592105263157895,马拉松
161,-,,marathon,Unreliable Notes,school_refusal,1742450400000,1743163199000,23141732.0,1348802.0,False,2025-03-20 15:00:00,2025-03-28 20:59:59,8.249988425925926,2.8050623595150945,0.163491380880164,17.15724917371119,False,-0.23026315789473686,马拉松
162,-,,marathon,Find the dream view,light_sound,1743314400000,1743940799000,19517722.0,1807660.0,False,2025-03-30 15:00:00,2025-04-06 20:59:59,7.249988425925926,2.692103883946175,0.2493328118339908,10.797230673909917,True,0.09868421052631579,马拉松
163,-,,world_bloom,Turning Pain into Drive,street,1744110000000,1745146799000,84821911.0,3302113.0,False,2025-04-08 20:00:00,2025-04-20 19:59:59,11.999988425925926,7.0684994009446385,0.2751763487426203,25.687161826382077,True,0.39473684210526316,World Link 整场
164,-,,marathon,Choices for the future,theme_park,1745301600000,1745841599000,9980415.0,994476.0,False,2025-04-22 15:00:00,2025-04-28 20:59:59,6.249988425925926,1.5968693571654764,0.15911645466010124,10.035853052260688,True,0.8552631578947368,马拉松
165,-,,marathon,そして、針は動き出す,school_refusal,1745992800000,1746532799000,14588024.0,1129348.0,False,2025-04-30 15:00:00,2025-05-06 20:59:59,6.249988425925926,2.334088162385486,0.18069601462224932,12.917208867417306,True,1.118421052631579,马拉松
166,-,,cheerful_carnival,チアフルカーニバルイベントテストイベント,none,1746619200000,1746705599000,1679106.0,264700.0,False,2025-05-07 21:00:00,2025-05-08 20:59:59,0.999988425925926,1.6791254343221564,0.26470306369286684,6.343430298451077,True,1.348684210526316,对战嘉年华
167,-,,world_bloom,Dear my fellows,theme_park,1746788400000,1747825199000,90078155.0,3167149.0,False,2025-05-09 20:00:00,2025-05-21 19:59:59,11.999988425925926,7.506520156751694,0.26392933789480894,28.441401083434975,True,1.4144736842105263,World Link 整场
168,-,,marathon,Cheer with my Heart!,idol,1747980000000,1748519999000,10633734.0,880170.0,False,2025-05-23 15:00:00,2025-05-29 20:59:59,6.249988425925926,1.7014005907418348,0.14082746079159406,12.081454718974744,True,1.875,马拉松
169,-,,marathon,Aim higher and higher！,street,1748671200000,1749297599000,13865470.0,1130622.0,False,2025-05-31 15:00:00,2025-06-07 20:59:59,7.249988425925926,1.9124816738213184,0.15594811102827433,12.263577039894855,True,2.138157894736842,马拉松
170,-,,world_bloom,泡沫に抱かれて,school_refusal,1749466800000,1750503599000,88204712.0,3313153.0,False,2025-06-09 20:00:00,2025-06-21 19:59:59,11.999988425925926,7.350399756172605,0.2760963496299668,26.62258941859914,True,2.4342105263157894,World Link 整场
171,-,,world_bloom,"ordinary,yet special us",light_sound,1750676400000,1751713199000,62989398.0,2571335.0,False,2025-06-23 20:00:00,2025-07-05 19:59:59,11.999988425925926,5.249121562810149,0.21427812333923935,24.496768410183815,True,2.8947368421052633,World Link 整场
172,-,,marathon,Deeper and deeper,theme_park,1751875200000,1752407999000,26583127.0,1047810.0,False,2025-07-07 17:00:00,2025-07-13 20:59:59,6.166655092592593,4.310785442164869,0.16991545404552186,25.370178753781698,True,3.355263157894737,马拉松
173,-,,marathon,"Unsteady, still steady step",light_sound,1752559200000,1753099199000,7181335.0,814540.0,False,2025-07-15 15:00:00,2025-07-21 20:59:59,6.249988425925926,1.1490157278069035,0.13032664134563213,8.816430132344637,True,3.618421052631579,马拉松
174,-,,marathon,start rolling! stars' crossing,idol,1753250400000,1753790399000,9054210.0,828968.0,False,2025-07-23 15:00:00,2025-07-29 20:59:59,6.249988425925926,1.4486762827338568,0.132635125620603,10.922267204524179,True,3.8815789473684212,马拉松
175,-,,marathon,Competitive fire！,street,1753941600000,1754481599000,11269919.0,938720.0,False,2025-07-31 15:00:00,2025-08-06 20:59:59,6.249988425925926,1.803190379241443,0.15019547813977435,12.005623615135503,True,4.144736842105264,马拉松
176,-,,world_bloom,All ways Jump! with you,idol,1754650800000,1755687599000,65170000.0,2357438.0,False,2025-08-08 20:00:00,2025-08-20 19:59:59,11.999988425925926,5.43083857141066,0.19645335614714135,27.644417371739998,True,4.407894736842105,World Link 整场
177,-,,marathon,ほどけぬ明日に手を伸ばして,school_refusal,1755842400000,1756382399000,14711852.0,959362.0,False,2025-08-22 15:00:00,2025-08-28 20:59:59,6.249988425925926,2.353900679075332,0.15349820425593383,15.33503724350141,True,4.868421052631579,马拉松
178,-,,marathon,Deep Dark For Light,theme_park,1756533600000,1756987199000,23071780.0,821994.0,False,2025-08-30 15:00:00,2025-09-04 20:59:59,5.249988425925926,4.394634450252316,0.15657063088763423,28.068063757156377,True,5.131578947368421,马拉松
179,-,,world_bloom,Link the Beats！,none,1757156400000,1758193199000,69674942.0,2730704.0,False,2025-09-06 20:00:00,2025-09-18 19:59:59,11.999988425925926,5.806250766831373,0.22755888614861705,25.51537698703338,True,5.361842105263158,World Link 整场
181,-,,marathon,Our Golden Days,none,1759212000000,1760011199000,19876966.0,2262281.0,False,2025-09-30 15:00:00,2025-10-09 20:59:59,9.249988425925926,2.1488638779578055,0.24457122493897016,8.786249807163655,True,6.151315789473684,马拉松
182,-,,marathon,君と繋ぐHeart Beat,light_sound,1760162400000,1760875199000,11500000.0,1174755.0,False,2025-10-11 15:00:00,2025-10-19 20:59:59,8.249988425925926,1.3939413495249013,0.14239474522270656,9.789275210575822,True,6.5131578947368425,马拉松
183,-,,marathon,交わる色はあの日のままに,idol,1761026400000,1761739199000,9314810.0,1077708.0,False,2025-10-21 15:00:00,2025-10-29 20:59:59,8.249988425925926,1.12906946277983,0.1306314559925028,8.643166794716194,True,6.842105263157895,马拉松
184,-,,marathon,Colors of Pure Sense,school_refusal,1761890400000,1762603199000,28000925.0,1262115.0,False,2025-10-31 15:00:00,2025-11-08 20:59:59,8.249988425925926,3.394056276734395,0.15298385098744527,22.185716040138974,True,7.171052631578948,马拉松
185,-,,marathon,超克のプロタゴニスタ,theme_park,1762754400000,1763380799000,16720720.0,1000164.0,False,2025-11-10 15:00:00,2025-11-17 20:59:59,7.249988425925926,2.3063098887450333,0.13795387540529278,16.717978251566745,True,7.5,马拉松
186,-,,cheerful_carnival,第2回チアフルカーニバルイベントテストイベント,none,1763467200000,1763553599000,1630180.0,221254.0,False,2025-11-18 21:00:00,2025-11-19 20:59:59,0.999988425925926,1.6301988680424542,0.22125656083982453,7.367911992551547,True,7.7631578947368425,对战嘉年华
187,-,,marathon,Overcome one's limits,street,1763618400000,1764331199000,22983723.0,1143200.0,False,2025-11-20 15:00:00,2025-11-28 20:59:59,8.249988425925926,2.7859097265849138,0.13856989137190145,20.10472620713786,True,7.828947368421053,马拉松
188,-,,marathon,仰ぐ夜空に、星は紛れて,light_sound,1764482400000,1765195199000,14107189.0,1040960.0,False,2025-11-30 15:00:00,2025-12-08 20:59:59,8.249988425925926,1.7099647019706818,0.1261771467131688,13.552095181371042,True,8.157894736842106,马拉松
189,-,,marathon,ともに、トゥルールートを目指して,none,1765346400000,1766145599000,8718965.0,1107323.0,False,2025-12-10 15:00:00,2025-12-19 20:59:59,9.249988425925926,0.942591990230218,0.1197107443828133,7.873913031698971,True,8.486842105263158,马拉松
190,-,,marathon,この物語は希望をのせて,idol,1766296800000,1767009599000,12569468.0,1046939.0,False,2025-12-21 15:00:00,2025-12-29 20:59:59,8.249988425925926,1.5235740162373965,0.12690187500263048,12.005922026020619,True,8.848684210526317,马拉松
191,-,,marathon,新年言祝ぐ、祈りの舞,none,1767160800000,1767959999000,12439345.0,1516140.0,False,2025-12-31 15:00:00,2026-01-09 20:59:59,9.249988425925926,1.3447957367314023,0.16390723211615632,8.20461500916802,True,9.177631578947368,马拉松
192,-,,marathon,覚めない幻想をノックして,school_refusal,1768111200000,1768823999000,18069348.0,1196814.0,False,2026-01-11 15:00:00,2026-01-19 20:59:59,8.249988425925926,2.1902270727091366,0.1450685671556778,15.09787485774732,True,9.539473684210527,马拉松
193,-,,marathon,GO ALL OUT,street,1768975200000,1769687999000,19996739.0,1066465.0,False,2026-01-21 15:00:00,2026-01-29 20:59:59,8.249988425925926,2.423850551978889,0.1292686662018325,18.75048782660472,True,9.868421052631579,马拉松
194,-,,marathon,粉砕せよ！アンヴァレンタインの復讐,none,1769839200000,1770551999000,28429416.0,1280093.0,False,2026-01-31 15:00:00,2026-02-08 20:59:59,8.249988425925926,3.445994652629984,0.1551630055597721,22.20886763696075,True,10.197368421052632,马拉松
195,-,,marathon,Path made by faith,light_sound,1770703200000,1771329599000,10501027.0,940389.0,False,2026-02-10 15:00:00,2026-02-17 20:59:59,7.249988425925926,1.4484198295335722,0.12970903465682418,11.166684212597128,True,10.526315789473685,马拉松
196,-,,marathon,CHANGE！えむは王女さま！？,theme_park,1771480800000,1772107199000,15344264.0,963781.0,False,2026-02-19 15:00:00,2026-02-26 20:59:59,7.249988425925926,2.1164535856538724,0.13293552256628763,15.92090319273777,True,10.822368421052632,马拉松
197,-,,marathon,悪夢の庭を歌い明かして,none,1772258400000,1772971199000,10929342.0,1034358.0,False,2026-02-28 15:00:00,2026-03-08 20:59:59,8.249988425925926,1.3247705858173202,0.12537690316625025,10.566304896370502,True,11.118421052631579,马拉松
198,-,,marathon,Open up new horizons！,idol,1773122400000,1773835199000,10500126.0,984453.0,False,2026-03-10 15:00:00,2026-03-18 20:59:59,8.249988425925926,1.2727443310105655,0.11932780377076849,10.665949517143023,True,11.447368421052632,马拉松
200,-,,marathon,残照のInside Direction,theme_park,1774850400000,1775563199000,29538949.0,1898332.0,False,2026-03-30 15:00:00,2026-04-07 20:59:59,8.249988425925926,3.580483689791933,0.23010117129793953,15.560475722897786,True,12.105263157894738,马拉松
201,-,,marathon,Show 'em what's up！,street,1775714400000,1776340799000,10573113.0,948673.0,False,2026-04-09 15:00:00,2026-04-16 20:59:59,7.249988425925926,1.4583627419584004,0.13085165717058936,11.145160661260519,True,12.43421052631579,马拉松
202,-,,world_bloom,約束のPasserelle,none,1776510000000,1777373999000,62633766.0,2402463.0,False,2026-04-18 20:00:00,2026-04-28 19:59:59,9.999988425925926,6.263383849286862,0.24024657806316907,26.070647498005172,True,12.730263157894738,World Link 整场
203,-,,marathon,あたたかな思い出を辿って,light_sound,1777528800000,1778068799000,8909587.0,759160.0,False,2026-04-30 15:00:00,2026-05-06 20:59:59,6.249988425925926,1.4255365598825183,0.12146582493671285,11.73611228199589,True,13.125,马拉松
204,-,,marathon,"Stay solid, No fold",street,1778220000000,1778846399000,9632202.0,857454.0,False,2026-05-08 15:00:00,2026-05-15 20:59:59,7.249988425925926,1.3285817071866335,0.11826970604997773,11.233491242678907,True,13.388157894736842,马拉松
205,-,,world_bloom,Great Yell for Dreamers！,none,1779015600000,1780052399000,59376108.0,2392910.0,False,2026-05-17 20:00:00,2026-05-29 19:59:59,11.999988425925926,4.948013772389827,0.19940935899822435,24.813347764855344,True,13.68421052631579,World Link 整场
206,-,,marathon,最果てへと飛ぶキミへ,none,1780207200000,1780747199000,8457240.0,744516.0,False,2026-05-31 15:00:00,2026-06-06 20:59:59,6.249988425925926,1.3531609058535294,0.11912278059774184,11.359379784987832,True,14.144736842105264,马拉松
207,-,,world_bloom,Into the New Light,none,1780916400000,1781780399000,50276640.0,2004212.0,False,2026-06-08 20:00:00,2026-06-18 19:59:59,9.999988425925926,5.02766981906229,0.20042143196924997,25.08548995814814,True,14.407894736842106,World Link 整场
208,-,,marathon,Phantom maze monster,theme_park,1781935200000,1782647999000,18398686.0,1040550.0,False,2026-06-20 15:00:00,2026-06-28 20:59:59,8.249988425925926,2.230146886289122,0.12612744967375095,17.681693335255392,True,14.80263157894737,马拉松
209,-,,marathon,アイドル・花里みのり～夢の最前線～,idol,1782799200000,1783425599000,14387310.0,914755.0,False,2026-06-30 15:00:00,2026-07-07 20:59:59,7.249988425925926,1.984459719763282,0.12617330487436923,15.728047400670125,True,15.131578947368421,马拉松
210,-,,marathon,褪せない今を、彩って,school_refusal,1783576800000,1784289599000,10981818.0,981699.0,False,2026-07-09 15:00:00,2026-07-17 20:59:59,8.249988425925926,1.3311313220136392,0.11899398512063009,11.18654292201581,True,15.42763157894737,马拉松
211,-,,world_bloom,君の隣、君と見る明日,none,1784458800000,1785322799000,77220657.0,2238720.0,False,2026-07-19 20:00:00,2026-07-29 19:59:59,9.999988425925926,7.722074637586386,0.22387225911141104,34.493217999571186,True,15.756578947368421,World Link 整场
212,-,,marathon,Echo of a Prayer,light_sound,1785477600000,1786103999000,9908025.0,771310.0,False,2026-07-31 15:00:00,2026-08-07 20:59:59,7.249988425925926,1.3666263196461041,0.10638775604686469,12.845710544398491,True,16.151315789473685,马拉松
213,-,,marathon,Leap Beyond The Limits！,idol,1786255200000,1786795199000,7894819.0,671045.0,False,2026-08-09 15:00:00,2026-08-15 20:59:59,6.249988425925926,1.2631733792099615,0.10736739882851636,11.764962111333816,True,16.447368421052634,马拉松
214,-,,world_bloom,Again And Again Ambition！,none,1786964400000,1787828399000,73301827.0,2040098.0,False,2026-08-17 20:00:00,2026-08-27 19:59:59,9.999988425925926,7.330191184017575,0.204010036122727,35.93054206219505,True,16.710526315789476,World Link 整场
215,-,,marathon,Mix&Make Party Time!!,none,1787983200000,1788523199000,8086209.0,609183.0,False,2026-08-29 15:00:00,2026-09-04 20:59:59,6.249988425925926,1.2937958359182147,0.09746946049900093,13.27385859421553,True,17.105263157894736,马拉松
216,-,,marathon,After the Fire,street,1788674400000,1789214399000,15300659.0,714279.0,False,2026-09-06 15:00:00,2026-09-12 20:59:59,6.249988425925926,2.4481099735369884,0.11428485163861414,21.42112395856521,True,17.36842105263158,马拉松
217,-,,marathon,Drive to Dream！,theme_park,1789365600000,1789905599000,8192322.0,687460.0,False,2026-09-14 15:00:00,2026-09-20 20:59:59,6.249988425925926,1.310773947359162,0.10999380369222907,11.916798068251243,True,17.63157894736842,马拉松
