id,chapter,chara_id,type,name,unit,start_ms,end_ms,r1000,r100000
120,-,,cheerful_carnival,Take the Best Shot！,none,1706698800000,1707393599000,,
121,-,,marathon,導く勇気、優しさを胸に,light_sound,1707544800000,1708257599000,,
122,-,,marathon,刻まれた傷は、やがて,idol,1708408800000,1709035199000,,
123,-,,cheerful_carnival,リラックスティータイム,none,1709186400000,1709726399000,,
124,-,,world_bloom,星を目指して、ヨーソロー！,theme_park,1709895600000,1710932399000,88802770,2378929
124,1,16,world_bloom_chapter,星を目指して、ヨーソロー！,,1709895600000,1710154799000,,
124,2,15,world_bloom_chapter,星を目指して、ヨーソロー！,,1710154800000,1710413999000,,
124,3,14,world_bloom_chapter,星を目指して、ヨーソロー！,,1710414000000,1710673199000,19172306,390008
124,4,13,world_bloom_chapter,星を目指して、ヨーソロー！,,1710673200000,1710932399000,53986329,522967
125,-,,marathon,The first concerto,street,1711087200000,1711627199000,17706238,704203
126,-,,cheerful_carnival,Rise as ONE！,none,1711778400000,1712577599000,9185073,1051939
127,-,,marathon,Knowing the Unseen,school_refusal,1712728800000,1713441599000,20083764,1136779
128,-,,marathon,Parallel Harmonies,light_sound,1713592800000,1714305599000,12305169,1135374
129,-,,marathon,Whip the wimp girl!!,street,1714456800000,1715083199000,13384154,950543
130,-,,world_bloom,いつか花咲くステージへ,idol,1715252400000,1716289199000,58916095,1873685
130,1,7,world_bloom_chapter,いつか花咲くステージへ,,1715252400000,1715511599000,23685373,521709
130,2,6,world_bloom_chapter,いつか花咲くステージへ,,1715511600000,1715770799000,27697485,444096
130,3,8,world_bloom_chapter,いつか花咲くステージへ,,1715770800000,1716029999000,17945705,427786
130,4,5,world_bloom_chapter,いつか花咲くステージへ,,1716030000000,1716289199000,23652993,429555
131,-,,marathon,perspective for smile,theme_park,1716444000000,1716983999000,9510720,665877
132,-,,cheerful_carnival,みんなで配信♡WEDDING LIVE！,none,1717135200000,1717847999000,9881584,852437
133,-,,marathon,Lead to shine more,idol,1717999200000,1718711999000,7476285,775523
134,-,,marathon,灯を手繰りよせて,school_refusal,1718863200000,1719575999000,15295433,926692
135,-,,marathon,OVER RAD SQUAD!!,street,1719727200000,1720353599000,16600100,886692
136,-,,marathon,お縄を頂戴！？天馬捕物帳,theme_park,1720504800000,1721044799000,14386258,713575
137,-,,world_bloom,あの日見た夜空は、いつかの未来へ,light_sound,1721214000000,1722250799000,62434272,1821113
137,1,2,world_bloom_chapter,あの日見た夜空は、いつかの未来へ,,1721214000000,1721473199000,24985295,484443
137,2,3,world_bloom_chapter,あの日見た夜空は、いつかの未来へ,,1721473200000,1721732399000,16358310,424749
137,3,4,world_bloom_chapter,あの日見た夜空は、いつかの未来へ,,1721732400000,1721991599000,23128388,421512
137,4,1,world_bloom_chapter,あの日見た夜空は、いつかの未来へ,,1721991600000,1722250799000,35748859,430470
138,-,,marathon,Chase my IDEAL IDOL！,idol,1722405600000,1723031999000,9904461,757373
139,-,,marathon,鳴らせビューティフルサウンド！,none,1723183200000,1723723199000,9356498,695400
140,-,,world_bloom,キミと、セカイの始まりで,none,1723892400000,1724929199000,62841082,2139215
140,1,24,world_bloom_chapter,キミと、セカイの始まりで,,1723892400000,1724065199000,12164256,383776
140,2,22,world_bloom_chapter,キミと、セカイの始まりで,,1724065200000,1724237999000,16918342,337104
140,3,25,world_bloom_chapter,キミと、セカイの始まりで,,1724238000000,1724410799000,6384105,307195
140,4,23,world_bloom_chapter,キミと、セカイの始まりで,,1724410800000,1724583599000,18191805,327452
140,5,26,world_bloom_chapter,キミと、セカイの始まりで,,1724583600000,1724756399000,24540519,327105
140,6,21,world_bloom_chapter,キミと、セカイの始まりで,,1724756400000,1724929199000,27047911,369065
141,-,,marathon,わんだほら～！？な肝だめし！,none,1725084000000,1725796799000,9238448,825434
142,-,,marathon,鍛えてFLY！Muscle Training！,none,1725948000000,1726660799000,6700898,737195
143,-,,marathon,This moment with you！,light_sound,1726812000000,1727524799000,7931314,815930
144,-,,marathon,想いをのせて！Dream Stage,none,1727676000000,1728475199000,22792233,1983300
145,-,,marathon,荊棘の道は何処へ,school_refusal,1728723600000,1729339199000,42274791,1862152
146,-,,marathon,Rekindle the flame,street,1729490400000,1730203199000,24264820,1551140
147,-,,marathon,Happy Enjoy Music！,light_sound,1730354400000,1731067199000,13383149,1090123
148,-,,marathon,また、木の葉の色づく頃に,none,1731218400000,1731931199000,8474361,965948
149,-,,marathon,The Power Of Regret,theme_park,1732082400000,1732795199000,13886808,1060308
150,-,,marathon,傷だらけの手で、私達は,school_refusal,1732946400000,1733745599000,40527218,1592500
151,-,,marathon,Grow glorious glow,idol,1733896800000,1734609599000,9930098,932910
152,-,,marathon,Special present for YOU！,none,1734760800000,1735473599000,15099257,1022755
153,-,,marathon,Unfading wishing,none,1735624800000,1736423999000,13296861,1251590
154,-,,marathon,Time to take off！,street,1736575200000,1737287999000,15386245,1339371
155,-,,marathon,Show your shine,none,1737439200000,1738151999000,12897998,1263535
156,-,,marathon,このひと針に想いを込めて,none,1738303200000,1739015999000,9274905,1224960
157,-,,marathon,Rise and Strive,idol,1739167200000,1739879999000,12574140,1180817
158,-,,marathon,昔日のRead-aloud,none,1740031200000,1740571199000,6388346,840908
159,-,,marathon,Connect hearts message,none,1740722400000,1741435199000,9942020,1128751
160,-,,marathon,You are my HERO!!,none,1741586400000,1742299199000,16663043,1159615
161,-,,marathon,Unreliable Notes,school_refusal,1742450400000,1743163199000,23141732,1348802
162,-,,marathon,Find the dream view,light_sound,1743314400000,1743940799000,19517722,1807660
163,-,,world_bloom,Turning Pain into Drive,street,1744110000000,1745146799000,84821911,3302113
163,1,12,world_bloom_chapter,Turning Pain into Drive,,1744110000000,1744369199000,45245626,886440
163,2,11,world_bloom_chapter,Turning Pain into Drive,,1744369200000,1744628399000,53867192,832674
163,3,9,world_bloom_chapter,Turning Pain into Drive,,1744628400000,1744887599000,34429744,719032
163,4,10,world_bloom_chapter,Turning Pain into Drive,,1744887600000,1745146799000,32707356,771375
164,-,,marathon,Choices for the future,theme_park,1745301600000,1745841599000,9980415,994476
165,-,,marathon,そして、針は動き出す,school_refusal,1745992800000,1746532799000,14588024,1129348
166,-,,cheerful_carnival,チアフルカーニバルイベントテストイベント,none,1746619200000,1746705599000,1679106,264700
167,-,,world_bloom,Dear my fellows,theme_park,1746788400000,1747825199000,90078155,3167149
167,1,16,world_bloom_chapter,Dear my fellows,,1746788400000,1747047599000,50522157,894643
167,2,13,world_bloom_chapter,Dear my fellows,,1747047600000,1747306799000,48465494,737820
167,3,15,world_bloom_chapter,Dear my fellows,,1747306800000,1747565999000,39041880,728344
167,4,14,world_bloom_chapter,Dear my fellows,,1747566000000,1747825199000,31144354,688635
168,-,,marathon,Cheer with my Heart!,idol,1747980000000,1748519999000,10633734,880170
169,-,,marathon,Aim higher and higher！,street,1748671200000,1749297599000,13865470,1130622
170,-,,world_bloom,泡沫に抱かれて,school_refusal,1749466800000,1750503599000,88204712,3313153
170,1,17,world_bloom_chapter,泡沫に抱かれて,,1749466800000,1749725999000,53605200,906045
170,2,19,world_bloom_chapter,泡沫に抱かれて,,1749726000000,1749985199000,50255213,768830
170,3,20,world_bloom_chapter,泡沫に抱かれて,,1749985200000,1750244399000,53204782,744648
170,4,18,world_bloom_chapter,泡沫に抱かれて,,1750244400000,1750503599000,31778290,720640
171,-,,world_bloom,"ordinary,yet special us",light_sound,1750676400000,1751713199000,62989398,2571335
171,1,4,world_bloom_chapter,"ordinary,yet special us",,1750676400000,1750935599000,22056152,665430
171,2,2,world_bloom_chapter,"ordinary,yet special us",,1750935600000,1751194799000,26086606,644870
171,3,3,world_bloom_chapter,"ordinary,yet special us",,1751194800000,1751453999000,18030695,608655
171,4,1,world_bloom_chapter,"ordinary,yet special us",,1751454000000,1751713199000,37941264,636665
172,-,,marathon,Deeper and deeper,theme_park,1751875200000,1752407999000,26583127,1047810
173,-,,marathon,"Unsteady, still steady step",light_sound,1752559200000,1753099199000,7181335,814540
174,-,,marathon,start rolling! stars' crossing,idol,1753250400000,1753790399000,9054210,828968
175,-,,marathon,Competitive fire！,street,1753941600000,1754481599000,11269919,938720
176,-,,world_bloom,All ways Jump! with you,idol,1754650800000,1755687599000,65170000,2357438
176,1,5,world_bloom_chapter,All ways Jump! with you,,1754650800000,1754909999000,26707900,634275
176,2,6,world_bloom_chapter,All ways Jump! with you,,1754910000000,1755169199000,34876255,604020
176,3,7,world_bloom_chapter,All ways Jump! with you,,1755169200000,1755428399000,22859337,568560
176,4,8,world_bloom_chapter,All ways Jump! with you,,1755428400000,1755687599000,18965510,567350
177,-,,marathon,ほどけぬ明日に手を伸ばして,school_refusal,1755842400000,1756382399000,14711852,959362
178,-,,marathon,Deep Dark For Light,theme_park,1756533600000,1756987199000,23071780,821994
179,-,,world_bloom,Link the Beats！,none,1757156400000,1758193199000,69674942,2730704
179,1,23,world_bloom_chapter,Link the Beats！,,1757156400000,1757329199000,19990632,507980
179,2,21,world_bloom_chapter,Link the Beats！,,1757329200000,1757501999000,26193665,455095
179,3,24,world_bloom_chapter,Link the Beats！,,1757502000000,1757674799000,12788206,419560
179,4,25,world_bloom_chapter,Link the Beats！,,1757674800000,1757847599000,9465080,430416
179,5,26,world_bloom_chapter,Link the Beats！,,1757847600000,1758020399000,29794687,429193
179,6,22,world_bloom_chapter,Link the Beats！,,1758020400000,1758193199000,19479815,437269
180,-,,world_bloom,Wishes in Bloom！,none,1758798000000,1759057199000,171245335,1626910
181,-,,marathon,Our Golden Days,none,1759212000000,1760011199000,19876966,2262281
182,-,,marathon,君と繋ぐHeart Beat,light_sound,1760162400000,1760875199000,11500000,1174755
183,-,,marathon,交わる色はあの日のままに,idol,1761026400000,1761739199000,9314810,1077708
184,-,,marathon,Colors of Pure Sense,school_refusal,1761890400000,1762603199000,28000925,1262115
185,-,,marathon,超克のプロタゴニスタ,theme_park,1762754400000,1763380799000,16720720,1000164
186,-,,cheerful_carnival,第2回チアフルカーニバルイベントテストイベント,none,1763467200000,1763553599000,1630180,221254
187,-,,marathon,Overcome one's limits,street,1763618400000,1764331199000,22983723,1143200
188,-,,marathon,仰ぐ夜空に、星は紛れて,light_sound,1764482400000,1765195199000,14107189,1040960
189,-,,marathon,ともに、トゥルールートを目指して,none,1765346400000,1766145599000,8718965,1107323
190,-,,marathon,この物語は希望をのせて,idol,1766296800000,1767009599000,12569468,1046939
191,-,,marathon,新年言祝ぐ、祈りの舞,none,1767160800000,1767959999000,12439345,1516140
192,-,,marathon,覚めない幻想をノックして,school_refusal,1768111200000,1768823999000,18069348,1196814
193,-,,marathon,GO ALL OUT,street,1768975200000,1769687999000,19996739,1066465
194,-,,marathon,粉砕せよ！アンヴァレンタインの復讐,none,1769839200000,1770551999000,28429416,1280093
195,-,,marathon,Path made by faith,light_sound,1770703200000,1771329599000,10501027,940389
196,-,,marathon,CHANGE！えむは王女さま！？,theme_park,1771480800000,1772107199000,15344264,963781
197,-,,marathon,悪夢の庭を歌い明かして,none,1772258400000,1772971199000,10929342,1034358
198,-,,marathon,Open up new horizons！,idol,1773122400000,1773835199000,10500126,984453
199,-,,marathon,Amid the Wavering Light,school_refusal,1773986400000,1774699199000,,
200,-,,marathon,残照のInside Direction,theme_park,1774850400000,1775563199000,29538949,1898332
201,-,,marathon,Show 'em what's up！,street,1775714400000,1776340799000,10573113,948673
202,-,,world_bloom,約束のPasserelle,none,1776510000000,1777373999000,62633766,2402463
202,1,6,world_bloom_chapter,約束のPasserelle,,1776510000000,1776682799000,19392942,504430
202,2,1,world_bloom_chapter,約束のPasserelle,,1776682800000,1776855599000,21179994,426693
202,3,14,world_bloom_chapter,約束のPasserelle,,1776855600000,1777028399000,18444864,425820
202,4,17,world_bloom_chapter,約束のPasserelle,,1777028400000,1777201199000,38747065,501010
202,5,21,world_bloom_chapter,約束のPasserelle,,1777201200000,1777373999000,20160036,427611
203,-,,marathon,あたたかな思い出を辿って,light_sound,1777528800000,1778068799000,8909587,759160
204,-,,marathon,"Stay solid, No fold",street,1778220000000,1778846399000,9632202,857454
205,-,,world_bloom,Great Yell for Dreamers！,none,1779015600000,1780052399000,59376108,2392910
205,1,5,world_bloom_chapter,Great Yell for Dreamers！,,1779015600000,1779188399000,12817687,401310
205,2,22,world_bloom_chapter,Great Yell for Dreamers！,,1779188400000,1779361199000,11167558,374870
205,3,4,world_bloom_chapter,Great Yell for Dreamers！,,1779361200000,1779533999000,15500108,381924
205,4,10,world_bloom_chapter,Great Yell for Dreamers！,,1779534000000,1779706799000,16390614,369534
205,5,23,world_bloom_chapter,Great Yell for Dreamers！,,1779706800000,1779879599000,13371222,351120
205,6,13,world_bloom_chapter,Great Yell for Dreamers！,,1779879600000,1780052399000,31064322,390185
206,-,,marathon,最果てへと飛ぶキミへ,none,1780207200000,1780747199000,8457240,744516
207,-,,world_bloom,Into the New Light,none,1780916400000,1781780399000,50276640,2004212
207,1,24,world_bloom_chapter,Into the New Light,,1780916400000,1781089199000,10297042,408845
207,2,8,world_bloom_chapter,Into the New Light,,1781089200000,1781261999000,12897770,366725
207,3,3,world_bloom_chapter,Into the New Light,,1781262000000,1781434799000,11716650,389840
207,4,9,world_bloom_chapter,Into the New Light,,1781434800000,1781607599000,22631867,358300
207,5,18,world_bloom_chapter,Into the New Light,,1781607600000,1781780399000,26200127,403780
208,-,,marathon,Phantom maze monster,theme_park,1781935200000,1782647999000,18398686,1040550
209,-,,marathon,アイドル・花里みのり～夢の最前線～,idol,1782799200000,1783425599000,14387310,914755
210,-,,marathon,褪せない今を、彩って,school_refusal,1783576800000,1784289599000,10981818,981699
211,-,,world_bloom,君の隣、君と見る明日,none,1784458800000,1785322799000,77220657,2238720
211,1,2,world_bloom_chapter,君の隣、君と見る明日,,1784458800000,1784631599000,18457982,436785
211,2,12,world_bloom_chapter,君の隣、君と見る明日,,1784631600000,1784804399000,39072252,418286
211,3,16,world_bloom_chapter,君の隣、君と見る明日,,1784804400000,1784977199000,36883572,394277
211,4,20,world_bloom_chapter,君の隣、君と見る明日,,1784977200000,1785149999000,32452415,400117
211,5,26,world_bloom_chapter,君の隣、君と見る明日,,1785150000000,1785322799000,22322910,395760
212,-,,marathon,Echo of a Prayer,light_sound,1785477600000,1786103999000,9908025,771310
213,-,,marathon,Leap Beyond The Limits！,idol,1786255200000,1786795199000,7894819,671045
214,-,,world_bloom,Again And Again Ambition！,none,1786964400000,1787828399000,73301827,2040098
214,1,11,world_bloom_chapter,Again And Again Ambition！,,1786964400000,1787137199000,48388126,442635
214,2,15,world_bloom_chapter,Again And Again Ambition！,,1787137200000,1787309999000,25162007,378305
214,3,25,world_bloom_chapter,Again And Again Ambition！,,1787310000000,1787482799000,8176598,333503
214,4,19,world_bloom_chapter,Again And Again Ambition！,,1787482800000,1787655599000,30000430,365500
214,5,7,world_bloom_chapter,Again And Again Ambition！,,1787655600000,1787828399000,16861826,354290
215,-,,marathon,Mix&Make Party Time!!,none,1787983200000,1788523199000,8086209,609183
216,-,,marathon,After the Fire,street,1788674400000,1789214399000,15300659,714279
217,-,,marathon,Drive to Dream！,theme_park,1789365600000,1789905599000,8192322,687460
218,-,,world_bloom,Connect to SEKAI！,none,1790334000000,1790593199000,152232355,960181
