id,type,hours_before_end
182,marathon,-0.25
183,marathon,-0.2
184,marathon,-0.25
185,marathon,-0.2
186,cheerful_carnival,-0.25
187,marathon,-0.25
188,marathon,-0.25
189,marathon,-0.25
190,marathon,-0.25
191,marathon,-0.2
192,marathon,-0.25
193,marathon,-0.25
194,marathon,-0.25
195,marathon,-0.25
196,marathon,-0.25
197,marathon,-0.25
198,marathon,-0.25
200,marathon,-0.25
201,marathon,-0.25
202,world_bloom,-0.25
203,marathon,-0.25
204,marathon,-0.25
205,world_bloom,-0.25
206,marathon,-0.25
207,world_bloom,-0.25
208,marathon,-0.25
209,marathon,-0.25
210,marathon,-0.25
211,world_bloom,-0.25
212,marathon,-0.25
213,marathon,-0.25
214,world_bloom,-0.25
215,marathon,-0.25
216,marathon,-0.25
217,marathon,-0.25
218,world_bloom,-0.25
