id,chapter,chara_id,type,name,unit,start_ms,end_ms,r1000,r100000,filled_from_old,start,end,days,top,mass,gap,after,t,type_cn,ch_days
124,1,16.0,world_bloom_chapter,星を目指して、ヨーソロー！,,1709895600000,1710154799000,42851182.0,651360.0,True,2024-03-08 20:00:00,2024-03-11 19:59:59,2.9999884259259257,14.283782440518676,0.21712083765755272,65.78724821911078,False,-12.631578947368421,World Link 单章,3
124,2,15.0,world_bloom_chapter,星を目指して、ヨーソロー！,,1710154800000,1710413999000,29700222.0,524618.0,True,2024-03-11 20:00:00,2024-03-14 19:59:59,2.9999884259259257,9.900112194877295,0.1748733413323354,56.61304415784438,False,-12.532894736842106,World Link 单章,3
124,3,14.0,world_bloom_chapter,星を目指して、ヨーソロー！,,1710414000000,1710673199000,29484689.0,508115.0,True,2024-03-14 20:00:00,2024-03-17 19:59:59,2.9999884259259257,9.828267584365681,0.16937232010925968,58.027590210877456,False,-12.43421052631579,World Link 单章,3
124,4,13.0,world_bloom_chapter,星を目指して、ヨーソロー！,,1710673200000,1710932399000,53986329.0,522967.0,False,2024-03-17 20:00:00,2024-03-20 19:59:59,2.9999884259259257,17.99551242713128,0.17432300587579427,103.23085204228947,False,-12.335526315789474,World Link 单章,3
130,1,7.0,world_bloom_chapter,いつか花咲くステージへ,,1715252400000,1715511599000,23685373.0,521709.0,False,2024-05-09 20:00:00,2024-05-12 19:59:59,2.9999884259259257,7.895154793035467,0.17390367092465636,45.39958674280106,False,-10.592105263157896,World Link 单章,3
130,2,6.0,world_bloom_chapter,いつか花咲くステージへ,,1715511600000,1715770799000,27697485.0,444096.0,False,2024-05-12 20:00:00,2024-05-15 19:59:59,2.9999884259259257,9.232530619331094,0.14803257111331447,62.368237948551666,False,-10.493421052631579,World Link 单章,3
130,3,8.0,world_bloom_chapter,いつか花咲くステージへ,,1715770800000,1716029999000,17945705.0,427786.0,False,2024-05-15 20:00:00,2024-05-18 19:59:59,2.9999884259259257,5.981924745080035,0.14259588347177266,41.95019238591258,False,-10.394736842105264,World Link 单章,3
130,4,5.0,world_bloom_chapter,いつか花咲くステージへ,,1716030000000,1716289199000,23652993.0,429555.0,False,2024-05-18 20:00:00,2024-05-21 19:59:59,2.9999884259259257,7.884361418061027,0.14318555241339664,55.06394524566121,False,-10.296052631578949,World Link 单章,3
137,1,2.0,world_bloom_chapter,あの日見た夜空は、いつかの未来へ,,1721214000000,1721473199000,24985295.0,484443.0,False,2024-07-17 20:00:00,2024-07-20 19:59:59,2.9999884259259257,8.328463798085641,0.16148162300008875,51.57530400893397,False,-8.322368421052632,World Link 单章,3
137,2,3.0,world_bloom_chapter,あの日見た夜空は、いつかの未来へ,,1721473200000,1721732399000,16358310.0,424749.0,False,2024-07-20 20:00:00,2024-07-23 19:59:59,2.9999884259259257,5.452791037002458,0.14158354623281727,38.51288643410579,False,-8.223684210526317,World Link 单章,3
137,3,4.0,world_bloom_chapter,あの日見た夜空は、いつかの未来へ,,1721732400000,1721991599000,23128388.0,421512.0,False,2024-07-23 20:00:00,2024-07-26 19:59:59,2.9999884259259257,7.709492410078743,0.14050454206999258,54.87005826643132,False,-8.125,World Link 单章,3
137,4,1.0,world_bloom_chapter,あの日見た夜空は、いつかの未来へ,,1721991600000,1722250799000,35748859.0,430470.0,False,2024-07-26 20:00:00,2024-07-29 19:59:59,2.9999884259259257,11.916332306837603,0.14349055359009874,83.0461100657421,False,-8.026315789473685,World Link 单章,3
140,1,24.0,world_bloom_chapter,キミと、セカイの始まりで,,1723892400000,1724065199000,12164256.0,383776.0,False,2024-08-17 20:00:00,2024-08-19 19:59:59,1.999988425925926,6.08216319770369,0.1918891104693893,31.696239473025933,False,-7.302631578947369,World Link 单章,2
140,2,22.0,world_bloom_chapter,キミと、セカイの始まりで,,1724065200000,1724237999000,16918342.0,337104.0,False,2024-08-19 20:00:00,2024-08-21 19:59:59,1.999988425925926,8.459219953819176,0.16855297542231146,50.187307181166645,False,-7.236842105263158,World Link 单章,2
140,3,25.0,world_bloom_chapter,キミと、セカイの始まりで,,1724238000000,1724410799000,6384105.0,307195.0,False,2024-08-21 20:00:00,2024-08-23 19:59:59,1.999988425925926,3.1920709726329437,0.15359838887956526,20.78193004443432,False,-7.171052631578948,World Link 单章,2
140,4,23.0,world_bloom_chapter,キミと、セカイの始まりで,,1724410800000,1724583599000,18191805.0,327452.0,False,2024-08-23 20:00:00,2024-08-25 19:59:59,1.999988425925926,9.095955138629275,0.1637269474939091,55.55563868902923,False,-7.105263157894737,World Link 单章,2
140,5,26.0,world_bloom_chapter,キミと、セカイの始まりで,,1724583600000,1724756399000,24540519.0,327105.0,False,2024-08-25 20:00:00,2024-08-27 19:59:59,1.999988425925926,12.27033050885711,0.16355344648985237,75.02336864309625,False,-7.0394736842105265,World Link 单章,2
140,6,21.0,world_bloom_chapter,キミと、セカイの始まりで,,1724756400000,1724929199000,27047911.0,369065.0,False,2024-08-27 20:00:00,2024-08-29 19:59:59,1.999988425925926,13.524033764084283,0.18453356790259204,73.28766206494791,False,-6.973684210526316,World Link 单章,2
163,1,12.0,world_bloom_chapter,Turning Pain into Drive,,1744110000000,1744369199000,45245626.0,886440.0,False,2025-04-08 20:00:00,2025-04-11 19:59:59,2.9999884259259257,15.081933519805247,0.29548113997353387,51.04194982175895,True,0.39473684210526316,World Link 单章,3
163,2,11.0,world_bloom_chapter,Turning Pain into Drive,,1744369200000,1744628399000,53867192.0,832674.0,False,2025-04-11 20:00:00,2025-04-14 19:59:59,2.9999884259259257,17.95579994058619,0.27755907082974857,64.69181456368278,True,0.493421052631579,World Link 单章,3
163,3,9.0,world_bloom_chapter,Turning Pain into Drive,,1744628400000,1744887599000,34429744.0,719032.0,False,2025-04-14 20:00:00,2025-04-17 19:59:59,2.9999884259259257,11.476625610438314,0.23967825801797077,47.88346554812581,True,0.5921052631578948,World Link 单章,3
163,4,10.0,world_bloom_chapter,Turning Pain into Drive,,1744887600000,1745146799000,32707356.0,771375.0,False,2025-04-17 20:00:00,2025-04-20 19:59:59,2.9999884259259257,10.90249406209129,0.25712599199842595,42.40136898395722,True,0.6907894736842105,World Link 单章,3
167,1,16.0,world_bloom_chapter,Dear my fellows,,1746788400000,1747047599000,50522157.0,894643.0,False,2025-05-09 20:00:00,2025-05-12 19:59:59,2.9999884259259257,16.840783972160388,0.2982154838560334,56.471863078345216,True,1.4144736842105263,World Link 单章,3
167,2,13.0,world_bloom_chapter,Dear my fellows,,1747047600000,1747306799000,48465494.0,737820.0,False,2025-05-12 20:00:00,2025-05-15 19:59:59,2.9999884259259257,16.155226993931304,0.24594094884625328,65.68742240654902,True,1.5131578947368423,World Link 单章,3
167,3,15.0,world_bloom_chapter,Dear my fellows,,1747306800000,1747565999000,39041880.0,728344.0,False,2025-05-15 20:00:00,2025-05-18 19:59:59,2.9999884259259257,13.014010208372717,0.2427822699933256,53.6036268576387,True,1.611842105263158,World Link 单章,3
167,4,14.0,world_bloom_chapter,Dear my fellows,,1747566000000,1747825199000,31144354.0,688635.0,False,2025-05-18 20:00:00,2025-05-21 19:59:59,2.9999884259259257,10.381491385383432,0.22954588559369443,45.2262141773218,True,1.7105263157894737,World Link 单章,3
170,1,17.0,world_bloom_chapter,泡沫に抱かれて,,1749466800000,1749725999000,53605200.0,906045.0,False,2025-06-09 20:00:00,2025-06-12 19:59:59,2.9999884259259257,17.868468936994354,0.3020161651858225,59.16394881048954,True,2.4342105263157894,World Link 单章,3
170,2,19.0,world_bloom_chapter,泡沫に抱かれて,,1749726000000,1749985199000,50255213.0,768830.0,False,2025-06-12 20:00:00,2025-06-15 19:59:59,2.9999884259259257,16.751802295533547,0.256277655392189,65.36583249873183,True,2.5328947368421053,World Link 单章,3
170,3,20.0,world_bloom_chapter,泡沫に抱かれて,,1749985200000,1750244399000,53204782.0,744648.0,False,2025-06-15 20:00:00,2025-06-18 19:59:59,2.9999884259259257,17.73499575538486,0.24821695762715137,71.44957348975623,True,2.6315789473684212,World Link 单章,3
170,4,18.0,world_bloom_chapter,泡沫に抱かれて,,1750244400000,1750503599000,31778290.0,720640.0,False,2025-06-18 20:00:00,2025-06-21 19:59:59,2.9999884259259257,10.592804200633491,0.24021426008587998,44.09731627442274,True,2.730263157894737,World Link 单章,3
171,1,4.0,world_bloom_chapter,"ordinary,yet special us",,1750676400000,1750935599000,22056152.0,665430.0,False,2025-06-23 20:00:00,2025-06-26 19:59:59,2.9999884259259257,7.352079031169103,0.22181085575175832,33.145713298168104,True,2.8947368421052633,World Link 单章,3
171,2,2.0,world_bloom_chapter,"ordinary,yet special us",,1750935600000,1751194799000,26086606.0,644870.0,False,2025-06-26 20:00:00,2025-06-29 19:59:59,2.9999884259259257,8.695568881052782,0.21495749597799377,40.45250360537783,True,2.993421052631579,World Link 单章,3
171,3,3.0,world_bloom_chapter,"ordinary,yet special us",,1751194800000,1751453999000,18030695.0,608655.0,False,2025-06-29 20:00:00,2025-07-02 19:59:59,2.9999884259259257,6.010254854378297,0.20288578273835936,29.623834520376896,True,3.0921052631578947,World Link 单章,3
171,4,1.0,world_bloom_chapter,"ordinary,yet special us",,1751454000000,1751713199000,37941264.0,636665.0,False,2025-07-02 20:00:00,2025-07-05 19:59:59,2.9999884259259257,12.647136792966023,0.2122224854262555,59.59376438158215,True,3.1907894736842106,World Link 单章,3
176,1,5.0,world_bloom_chapter,All ways Jump! with you,,1754650800000,1754909999000,26707900.0,634275.0,False,2025-08-08 20:00:00,2025-08-11 19:59:59,2.9999884259259257,8.902667680045063,0.21142581568601734,42.10776082929329,True,4.407894736842105,World Link 单章,3
176,2,6.0,world_bloom_chapter,All ways Jump! with you,,1754910000000,1755169199000,34876255.0,604020.0,False,2025-08-11 20:00:00,2025-08-14 19:59:59,2.9999884259259257,11.625463184657349,0.20134077677768822,57.74023211151949,True,4.506578947368421,World Link 单章,3
176,3,7.0,world_bloom_chapter,All ways Jump! with you,,1755169200000,1755428399000,22859337.0,568560.0,False,2025-08-14 20:00:00,2025-08-17 19:59:59,2.9999884259259257,7.619808397408941,0.18952073117566043,40.20567222456733,True,4.605263157894737,World Link 单章,3
176,4,8.0,world_bloom_chapter,All ways Jump! with you,,1755428400000,1755687599000,18965510.0,567350.0,False,2025-08-17 20:00:00,2025-08-20 19:59:59,2.9999884259259257,6.321861056562719,0.1891173962862511,33.42823653829206,True,4.703947368421053,World Link 单章,3
179,1,23.0,world_bloom_chapter,Link the Beats！,,1757156400000,1757329199000,19990632.0,507980.0,False,2025-09-06 20:00:00,2025-09-08 19:59:59,1.999988425925926,9.995373843598632,0.25399146985804316,39.35318713335171,True,5.361842105263158,World Link 单章,2
179,2,21.0,world_bloom_chapter,Link the Beats！,,1757329200000,1757501999000,26193665.0,455095.0,False,2025-09-08 20:00:00,2025-09-10 19:59:59,1.999988425925926,13.096908292293358,0.22754881683343076,57.55647721904218,True,5.427631578947369,World Link 单章,2
179,3,24.0,world_bloom_chapter,Link the Beats！,,1757502000000,1757674799000,12788206.0,419560.0,False,2025-09-10 20:00:00,2025-09-12 19:59:59,1.999988425925926,6.394140003125018,0.20978121401165517,30.48004099532844,True,5.493421052631579,World Link 单章,2
179,4,25.0,world_bloom_chapter,Link the Beats！,,1757674800000,1757847599000,9465080.0,430416.0,False,2025-09-12 20:00:00,2025-09-14 19:59:59,1.999988425925926,4.732567387542751,0.21520924542387398,21.990539385152967,True,5.559210526315789,World Link 单章,2
179,5,26.0,world_bloom_chapter,Link the Beats！,,1757847600000,1758020399000,29794687.0,429193.0,False,2025-09-14 20:00:00,2025-09-16 19:59:59,1.999988425925926,14.8974297119775,0.21459774188508035,69.42025382520218,True,5.625,World Link 单章,2
179,6,22.0,world_bloom_chapter,Link the Beats！,,1758020400000,1758193199000,19479815.0,437269.0,False,2025-09-16 20:00:00,2025-09-18 19:59:59,1.999988425925926,9.739963865531628,0.21863576525327116,44.54881320194205,True,5.690789473684211,World Link 单章,2
202,1,6.0,world_bloom_chapter,約束のPasserelle,,1776510000000,1776682799000,19392942.0,504430.0,False,2026-04-18 20:00:00,2026-04-20 19:59:59,1.999988425925926,9.69652711416154,0.252216459585993,38.445259005213806,True,12.730263157894738,World Link 单章,2
202,2,1.0,world_bloom_chapter,約束のPasserelle,,1776682800000,1776855599000,21179994.0,426693.0,False,2026-04-20 20:00:00,2026-04-22 19:59:59,1.999988425925926,10.59005828505952,0.21334773465124218,49.63754737012325,True,12.796052631578949,World Link 单章,2
202,3,14.0,world_bloom_chapter,約束のPasserelle,,1776855600000,1777028399000,18444864.0,425820.0,False,2026-04-22 20:00:00,2026-04-24 19:59:59,1.999988425925926,9.222485370864414,0.2129112321251859,43.31610539664647,True,12.86184210526316,World Link 单章,2
202,4,17.0,world_bloom_chapter,約束のPasserelle,,1777028400000,1777201199000,38747065.0,501010.0,False,2026-04-24 20:00:00,2026-04-26 19:59:59,1.999988425925926,19.373644615998934,0.2505064496901024,77.33790742699746,True,12.927631578947368,World Link 单章,2
202,5,21.0,world_bloom_chapter,約束のPasserelle,,1777201200000,1777373999000,20160036.0,427611.0,False,2026-04-26 20:00:00,2026-04-28 19:59:59,1.999988425925926,10.080076333775079,0.21380673730750757,47.14573759795702,True,12.993421052631579,World Link 单章,2
205,1,5.0,world_bloom_chapter,Great Yell for Dreamers！,,1779015600000,1779188399000,12817687.0,401310.0,False,2026-05-17 20:00:00,2026-05-19 19:59:59,1.999988425925926,6.408880588429331,0.20065616120463659,31.939615260023423,True,13.68421052631579,World Link 单章,2
205,2,22.0,world_bloom_chapter,Great Yell for Dreamers！,,1779188400000,1779361199000,11167558.0,374870.0,False,2026-05-19 20:00:00,2026-05-21 19:59:59,1.999988425925926,5.58381131372288,0.18743608469956424,29.790482033771706,True,13.75,World Link 单章,2
205,3,4.0,world_bloom_chapter,Great Yell for Dreamers！,,1779361200000,1779533999000,15500108.0,381924.0,False,2026-05-21 20:00:00,2026-05-23 19:59:59,1.999988425925926,7.750098850109087,0.19096310511056197,40.584273310920494,True,13.81578947368421,World Link 单章,2
205,4,10.0,world_bloom_chapter,Great Yell for Dreamers！,,1779534000000,1779706799000,16390614.0,369534.0,False,2026-05-23 20:00:00,2026-05-25 19:59:59,1.999988425925926,8.195354426819598,0.18476806925966005,44.354819854194744,True,13.881578947368421,World Link 单章,2
205,5,23.0,world_bloom_chapter,Great Yell for Dreamers！,,1779706800000,1779879599000,13371222.0,351120.0,False,2026-05-25 20:00:00,2026-05-27 19:59:59,1.999988425925926,6.685649690102373,0.17556101597810173,38.08163021189337,True,13.947368421052632,World Link 单章,2
205,6,13.0,world_bloom_chapter,Great Yell for Dreamers！,,1779879600000,1780052399000,31064322.0,390185.0,False,2026-05-27 20:00:00,2026-05-29 19:59:59,1.999988425925926,15.532250885711145,0.19509362901405677,79.61434191473276,True,14.013157894736842,World Link 单章,2
207,1,24.0,world_bloom_chapter,Into the New Light,,1780916400000,1781089199000,10297042.0,408845.0,False,2026-06-08 20:00:00,2026-06-10 19:59:59,1.999988425925926,5.148550794854137,0.2044236830074248,25.185686507111498,True,14.407894736842106,World Link 单章,2
207,2,8.0,world_bloom_chapter,Into the New Light,,1781089200000,1781261999000,12897770.0,366725.0,False,2026-06-10 20:00:00,2026-06-12 19:59:59,1.999988425925926,6.448922320152315,0.1833635611317195,35.170141113913694,True,14.473684210526317,World Link 单章,2
207,3,3.0,world_bloom_chapter,Into the New Light,,1781262000000,1781434799000,11716650.0,389840.0,False,2026-06-12 20:00:00,2026-06-14 19:59:59,1.999988425925926,5.858358902539945,0.19492112801578715,30.05502257336343,True,14.539473684210527,World Link 单章,2
207,4,9.0,world_bloom_chapter,Into the New Light,,1781434800000,1781607599000,22631867.0,358300.0,False,2026-06-14 20:00:00,2026-06-16 19:59:59,1.999988425925926,11.315998986105242,0.17915103675368493,63.164574379012,True,14.605263157894738,World Link 单章,2
207,5,18.0,world_bloom_chapter,Into the New Light,,1781607600000,1781780399000,26200127.0,403780.0,False,2026-06-16 20:00:00,2026-06-18 19:59:59,1.999988425925926,13.100139310991382,0.20189116835166868,64.88713408291645,True,14.671052631578949,World Link 单章,2
211,1,2.0,world_bloom_chapter,君の隣、君と見る明日,,1784458800000,1784631599000,18457982.0,436785.0,False,2026-07-19 20:00:00,2026-07-21 19:59:59,1.999988425925926,9.22904440882181,0.21839376385280007,42.258735991391646,True,15.756578947368421,World Link 单章,2
211,2,12.0,world_bloom_chapter,君の隣、君と見る明日,,1784631600000,1784804399000,39072252.0,418286.0,False,2026-07-21 20:00:00,2026-07-23 19:59:59,1.999988425925926,19.53623905693899,0.20914421032529124,93.4103747196894,True,15.822368421052632,World Link 单章,2
211,3,16.0,world_bloom_chapter,君の隣、君と見る明日,,1784804400000,1784977199000,36883572.0,394277.0,False,2026-07-23 20:00:00,2026-07-25 19:59:59,1.999988425925926,18.441892723916226,0.19713964085440308,93.547358836554,True,15.888157894736842,World Link 单章,2
211,4,20.0,world_bloom_chapter,君の隣、君と見る明日,,1784977200000,1785149999000,32452415.0,400117.0,False,2026-07-25 20:00:00,2026-07-27 19:59:59,1.999988425925926,16.226301402207188,0.20005965775264903,81.10731361076886,True,15.953947368421053,World Link 单章,2
211,5,26.0,world_bloom_chapter,君の隣、君と見る明日,,1785150000000,1785322799000,22322910.0,395760.0,False,2026-07-27 20:00:00,2026-07-29 19:59:59,1.999988425925926,11.161519592127268,0.19788114514551589,56.40516979987871,True,16.019736842105264,World Link 单章,2
214,1,11.0,world_bloom_chapter,Again And Again Ambition！,,1786964400000,1787137199000,48388126.0,442635.0,False,2026-08-17 20:00:00,2026-08-19 19:59:59,1.999988425925926,24.194203012748915,0.22131878077998138,109.31834581540095,True,16.710526315789476,World Link 单章,2
214,2,15.0,world_bloom_chapter,Again And Again Ambition！,,1787137200000,1787309999000,25162007.0,378305.0,False,2026-08-19 20:00:00,2026-08-21 19:59:59,1.999988425925926,12.581076307154555,0.18915359463885786,66.51248860046788,True,16.776315789473685,World Link 单章,2
214,3,25.0,world_bloom_chapter,Again And Again Ambition！,,1787310000000,1787482799000,8176598.0,333503.0,False,2026-08-21 20:00:00,2026-08-23 19:59:59,1.999988425925926,4.088322659274648,0.166752465002691,24.517314686824406,True,16.842105263157894,World Link 单章,2
214,4,19.0,world_bloom_chapter,Again And Again Ambition！,,1787482800000,1787655599000,30000430.0,365500.0,False,2026-08-23 20:00:00,2026-08-25 19:59:59,1.999988425925926,15.000301807302124,0.1827510575871388,82.08051983584132,True,16.907894736842106,World Link 单章,2
214,5,7.0,world_bloom_chapter,Again And Again Ambition！,,1787655600000,1787828399000,16861826.0,354290.0,False,2026-08-25 20:00:00,2026-08-27 19:59:59,1.999988425925926,8.430961790288137,0.1771460251506085,47.59328798441954,True,16.973684210526315,World Link 单章,2
